pid,rank,date
e6LoQxIw,1,2017-12-01
ywYcM5y0,2,2017-12-01
hhOmGIls,3,2017-12-01
9VwKDBO4,4,2017-12-01
Q5dE-6Cm,5,2017-12-01
_kjXf_Zt,6,2017-12-01
1uVZjWMu,7,2017-12-01
V3KN74T9,8,2017-12-01
3B7bhdh3,9,2017-12-01
vXaSvEK6,10,2017-12-01
Wfngq_NC,11,2017-12-01
BKaUtdGp,12,2017-12-01
MVpoxopZ,13,2017-12-01
GoPTQ8dT,14,2017-12-01
eWDM9xAe,15,2017-12-01
t4_PwAYp,16,2017-12-01
fMag1Tga,17,2017-12-01
tgmmUOx0,18,2017-12-01
4RmwbCw4,19,2017-12-01
og3XtU1p,20,2017-12-01
gW9hUEkQ,21,2017-12-01
3hTPwXPr,22,2017-12-01
uksx0FeR,23,2017-12-01
icJam_5l,24,2017-12-01
yoLx6Opy,25,2017-12-01
S9Mkb_Js,26,2017-12-01
vM6SpcAX,27,2017-12-01
UG7x7CeZ,28,2017-12-01
gD-ZZmb-,29,2017-12-01
vOTeHcnB,30,2017-12-01
N1DTyWDC,31,2017-12-01
QUNHFVVV,32,2017-12-01
BSgKaQmC,33,2017-12-01
_AaHhmpY,34,2017-12-01
wpe4NbSF,35,2017-12-01
gMTqgK-l,36,2017-12-01
WsC4viH8,37,2017-12-01
ryviUJgy,38,2017-12-01
cWjC2ttw,39,2017-12-01
X4q99UL7,40,2017-12-01
f-x9bxwm,41,2017-12-01
2zXpXjMp,42,2017-12-01
j8hvJDPs,43,2017-12-01
iMA-XcSh,44,2017-12-01
wlyGmMNW,45,2017-12-01
SxdL_VN6,46,2017-12-01
4Qq9sGzS,47,2017-12-01
2oWa2CKB,48,2017-12-01
Grohf5-o,49,2017-12-01
_mik5-Lj,50,2017-12-01
y3aIN6Vj,51,2017-12-01
dOSV6VLu,52,2017-12-01
Tiouijwe,53,2017-12-01
wYZwNMBK,54,2017-12-01
BzXPe5je,55,2017-12-01
t2UGgCDf,56,2017-12-01
Ni6noMmw,57,2017-12-01
YJ6Vy4Nv,58,2017-12-01
mLZbUw7g,59,2017-12-01
3c-Mne-5,60,2017-12-01
sEdO8hht,61,2017-12-01
9xnr1G5u,62,2017-12-01
nXoABtkj,63,2017-12-01
xoZWy8yV,64,2017-12-01
JQNo0TMz,65,2017-12-01
MmXGi1X7,66,2017-12-01
rCOEcopo,67,2017-12-01
VuKT5NQ6,68,2017-12-01
lSTmfWDS,69,2017-12-01
Qbz7DnQ_,70,2017-12-01
ewzharPB,71,2017-12-01
8AjyAF5f,72,2017-12-01
E_h53ExD,73,2017-12-01
Xo1Z1OwW,74,2017-12-01
68Mzp1yU,75,2017-12-01
gMCUOdzs,76,2017-12-01
MkYz16Rk,77,2017-12-01
8eo2Gj0-,78,2017-12-01
rhdnRJOM,79,2017-12-01
uf3FMxIG,80,2017-12-01
ykCnmE25,81,2017-12-01
LXTWWvvX,82,2017-12-01
wxpUtIv4,83,2017-12-01
ZkguPAqh,84,2017-12-01
7CwLvXc6,85,2017-12-01
twNjx7HC,86,2017-12-01
IUq0Mmjo,87,2017-12-01
dvuz2BjM,88,2017-12-01
JrjcWFwe,89,2017-12-01
5dKUt0bi,90,2017-12-01
1xqHQw3J,91,2017-12-01
YK47CRXj,92,2017-12-01
m87V1xS7,93,2017-12-01
kwDTH4hY,94,2017-12-01
nAI7nw4v,95,2017-12-01
hAPNuHZP,96,2017-12-01
AHILcvSG,97,2017-12-01
68D73d0w,98,2017-12-01
aPUTe4sb,99,2017-12-01
jLw_tYRU,100,2017-12-01
TFcwEw7y,1,2017-12-02
gW9hUEkQ,2,2017-12-02
hhOmGIls,3,2017-12-02
1uVZjWMu,4,2017-12-02
nyi-m80-,5,2017-12-02
eWDM9xAe,6,2017-12-02
7CwLvXc6,7,2017-12-02
fMag1Tga,8,2017-12-02
Q5dE-6Cm,9,2017-12-02
icJam_5l,10,2017-12-02
tgmmUOx0,11,2017-12-02
vXaSvEK6,12,2017-12-02
MVpoxopZ,13,2017-12-02
V3KN74T9,14,2017-12-02
3B7bhdh3,15,2017-12-02
Wfngq_NC,16,2017-12-02
t4_PwAYp,17,2017-12-02
PtccHl4F,18,2017-12-02
4RmwbCw4,19,2017-12-02
wpe4NbSF,20,2017-12-02
yoLx6Opy,21,2017-12-02
uksx0FeR,22,2017-12-02
j8hvJDPs,23,2017-12-02
e6LoQxIw,24,2017-12-02
vOTeHcnB,25,2017-12-02
4Qq9sGzS,26,2017-12-02
QUNHFVVV,27,2017-12-02
ZWH9_TrY,28,2017-12-02
GoPTQ8dT,29,2017-12-02
og3XtU1p,30,2017-12-02
Tiouijwe,31,2017-12-02
wlyGmMNW,32,2017-12-02
gD-ZZmb-,33,2017-12-02
vM6SpcAX,34,2017-12-02
_kjXf_Zt,35,2017-12-02
N1DTyWDC,36,2017-12-02
rBEhvMT1,37,2017-12-02
2zXpXjMp,38,2017-12-02
SxdL_VN6,39,2017-12-02
cWjC2ttw,40,2017-12-02
q-TCdiS-,41,2017-12-02
xoZWy8yV,42,2017-12-02
I8E7jszF,43,2017-12-02
ykCnmE25,44,2017-12-02
1pxSuog0,45,2017-12-02
2oWa2CKB,46,2017-12-02
f-x9bxwm,47,2017-12-02
JQNo0TMz,48,2017-12-02
gMCUOdzs,49,2017-12-02
Wa2ECpqQ,50,2017-12-02
1xqHQw3J,51,2017-12-02
E_h53ExD,52,2017-12-02
ywYcM5y0,53,2017-12-02
3hTPwXPr,54,2017-12-02
5koWyqiT,55,2017-12-02
lSTmfWDS,56,2017-12-02
wC1tukWQ,57,2017-12-02
hAPNuHZP,58,2017-12-02
1KkUgXoM,59,2017-12-02
mw29324w,60,2017-12-02
RNbtbz4L,61,2017-12-02
t2UGgCDf,62,2017-12-02
X5olGThH,63,2017-12-02
BKaUtdGp,64,2017-12-02
9VwKDBO4,65,2017-12-02
WsC4viH8,66,2017-12-02
Xo1Z1OwW,67,2017-12-02
sdiPibTX,68,2017-12-02
Grohf5-o,69,2017-12-02
sEdO8hht,70,2017-12-02
jLw_tYRU,71,2017-12-02
X4q99UL7,72,2017-12-02
BSgKaQmC,73,2017-12-02
QoIckxu9,74,2017-12-02
5TFTWB4V,75,2017-12-02
MkYz16Rk,76,2017-12-02
8AjyAF5f,77,2017-12-02
HvW-RyE-,78,2017-12-02
wxpUtIv4,79,2017-12-02
IlbqfHKT,80,2017-12-02
8eo2Gj0-,81,2017-12-02
AHILcvSG,82,2017-12-02
XwHzgEp_,83,2017-12-02
4NRpZd1v,84,2017-12-02
S9Mkb_Js,85,2017-12-02
3aG_0iuM,86,2017-12-02
ryviUJgy,87,2017-12-02
UG7x7CeZ,88,2017-12-02
C2rN5M5Y,89,2017-12-02
5CdZTkx0,90,2017-12-02
ekVdP6hG,91,2017-12-02
Ra9F5rTD,92,2017-12-02
68Mzp1yU,93,2017-12-02
gMTqgK-l,94,2017-12-02
LvJNKAbb,95,2017-12-02
_AaHhmpY,96,2017-12-02
yshGBwsU,97,2017-12-02
9xnr1G5u,98,2017-12-02
7h31M1Uv,99,2017-12-02
0-5hUtBO,100,2017-12-02
hhOmGIls,1,2017-12-03
J54I24Qs,2,2017-12-03
fMag1Tga,3,2017-12-03
fBMSljcP,4,2017-12-03
tgmmUOx0,5,2017-12-03
eWDM9xAe,6,2017-12-03
t4_PwAYp,7,2017-12-03
icJam_5l,8,2017-12-03
Wa2ECpqQ,9,2017-12-03
1uVZjWMu,10,2017-12-03
Tiouijwe,11,2017-12-03
TFcwEw7y,12,2017-12-03
ewzharPB,13,2017-12-03
MVpoxopZ,14,2017-12-03
Q5dE-6Cm,15,2017-12-03
4RmwbCw4,16,2017-12-03
5TFTWB4V,17,2017-12-03
V3KN74T9,18,2017-12-03
vXaSvEK6,19,2017-12-03
vM6SpcAX,20,2017-12-03
D3SJuzFQ,21,2017-12-03
GoPTQ8dT,22,2017-12-03
p7E2RtgF,23,2017-12-03
wpe4NbSF,24,2017-12-03
3B7bhdh3,25,2017-12-03
H0IRhlNT,26,2017-12-03
QUNHFVVV,27,2017-12-03
X4q99UL7,28,2017-12-03
2zXpXjMp,29,2017-12-03
t2UGgCDf,30,2017-12-03
BKaUtdGp,31,2017-12-03
xoZWy8yV,32,2017-12-03
vOTeHcnB,33,2017-12-03
4Qq9sGzS,34,2017-12-03
j8hvJDPs,35,2017-12-03
f-x9bxwm,36,2017-12-03
9xnr1G5u,37,2017-12-03
9yCMCTNq,38,2017-12-03
N1DTyWDC,39,2017-12-03
nyi-m80-,40,2017-12-03
uksx0FeR,41,2017-12-03
JQNo0TMz,42,2017-12-03
og3XtU1p,43,2017-12-03
wlyGmMNW,44,2017-12-03
1xqHQw3J,45,2017-12-03
hdq91--u,46,2017-12-03
gD-ZZmb-,47,2017-12-03
3hTPwXPr,48,2017-12-03
etvVmxnc,49,2017-12-03
xxsFHiKl,50,2017-12-03
Qbz7DnQ_,51,2017-12-03
wxpUtIv4,52,2017-12-03
UG7x7CeZ,53,2017-12-03
e6LoQxIw,54,2017-12-03
SxdL_VN6,55,2017-12-03
wYZwNMBK,56,2017-12-03
IlbqfHKT,57,2017-12-03
cWjC2ttw,58,2017-12-03
dOSV6VLu,59,2017-12-03
YJ6Vy4Nv,60,2017-12-03
8AjyAF5f,61,2017-12-03
ZzHJ8GG7,62,2017-12-03
sEdO8hht,63,2017-12-03
nAI7nw4v,64,2017-12-03
y3aIN6Vj,65,2017-12-03
iMA-XcSh,66,2017-12-03
PtccHl4F,67,2017-12-03
IUq0Mmjo,68,2017-12-03
aPUTe4sb,69,2017-12-03
ywYcM5y0,70,2017-12-03
rhdnRJOM,71,2017-12-03
rnJh62XO,72,2017-12-03
Wfngq_NC,73,2017-12-03
I8E7jszF,74,2017-12-03
8-bpBBFc,75,2017-12-03
oIyV5KaN,76,2017-12-03
a0yY5aoD,77,2017-12-03
ryviUJgy,78,2017-12-03
2oWa2CKB,79,2017-12-03
HvW-RyE-,80,2017-12-03
8eo2Gj0-,81,2017-12-03
yoLx6Opy,82,2017-12-03
ykCnmE25,83,2017-12-03
1EvZOLZA,84,2017-12-03
yYDStxbl,85,2017-12-03
smValFm8,86,2017-12-03
MkYz16Rk,87,2017-12-03
hAPNuHZP,88,2017-12-03
aFBP7LP_,89,2017-12-03
uVOawf0a,90,2017-12-03
gW9hUEkQ,91,2017-12-03
q-TCdiS-,92,2017-12-03
s9ZYGKqH,93,2017-12-03
68D73d0w,94,2017-12-03
JRrCpewg,95,2017-12-03
xzuzW4sq,96,2017-12-03
xz9ItcwQ,97,2017-12-03
E_h53ExD,98,2017-12-03
RNbtbz4L,99,2017-12-03
rBEhvMT1,100,2017-12-03
MwmZxU1z,1,2017-12-04
TFcwEw7y,2,2017-12-04
1uVZjWMu,3,2017-12-04
hhOmGIls,4,2017-12-04
eWDM9xAe,5,2017-12-04
fMag1Tga,6,2017-12-04
J54I24Qs,7,2017-12-04
Q5dE-6Cm,8,2017-12-04
t4_PwAYp,9,2017-12-04
MVpoxopZ,10,2017-12-04
4RmwbCw4,11,2017-12-04
V3KN74T9,12,2017-12-04
tgmmUOx0,13,2017-12-04
3B7bhdh3,14,2017-12-04
jfSw2sEF,15,2017-12-04
N1DTyWDC,16,2017-12-04
Wfngq_NC,17,2017-12-04
vXaSvEK6,18,2017-12-04
vOTeHcnB,19,2017-12-04
icJam_5l,20,2017-12-04
vM6SpcAX,21,2017-12-04
etvVmxnc,22,2017-12-04
f-x9bxwm,23,2017-12-04
gD-ZZmb-,24,2017-12-04
wpe4NbSF,25,2017-12-04
GoPTQ8dT,26,2017-12-04
1xqHQw3J,27,2017-12-04
X4q99UL7,28,2017-12-04
UG7x7CeZ,29,2017-12-04
QUNHFVVV,30,2017-12-04
1en5VUEt,31,2017-12-04
3hTPwXPr,32,2017-12-04
BKaUtdGp,33,2017-12-04
2zXpXjMp,34,2017-12-04
nAI7nw4v,35,2017-12-04
3CC5nkpg,36,2017-12-04
Tiouijwe,37,2017-12-04
ewzharPB,38,2017-12-04
D3SJuzFQ,39,2017-12-04
og3XtU1p,40,2017-12-04
j8hvJDPs,41,2017-12-04
9VwKDBO4,42,2017-12-04
sEdO8hht,43,2017-12-04
p7E2RtgF,44,2017-12-04
JQNo0TMz,45,2017-12-04
wlyGmMNW,46,2017-12-04
hAPNuHZP,47,2017-12-04
8AjyAF5f,48,2017-12-04
4Qq9sGzS,49,2017-12-04
xoZWy8yV,50,2017-12-04
ykCnmE25,51,2017-12-04
fBMSljcP,52,2017-12-04
wYZwNMBK,53,2017-12-04
I8E7jszF,54,2017-12-04
Wa2ECpqQ,55,2017-12-04
cWjC2ttw,56,2017-12-04
uksx0FeR,57,2017-12-04
IUq0Mmjo,58,2017-12-04
rhdnRJOM,59,2017-12-04
GQwBkPCP,60,2017-12-04
jLw_tYRU,61,2017-12-04
y3aIN6Vj,62,2017-12-04
E_h53ExD,63,2017-12-04
gMCUOdzs,64,2017-12-04
2oWa2CKB,65,2017-12-04
wxpUtIv4,66,2017-12-04
e9jds2zC,67,2017-12-04
AHILcvSG,68,2017-12-04
JRrCpewg,69,2017-12-04
8eo2Gj0-,70,2017-12-04
dOSV6VLu,71,2017-12-04
5TFTWB4V,72,2017-12-04
PtccHl4F,73,2017-12-04
8-bpBBFc,74,2017-12-04
SxdL_VN6,75,2017-12-04
_qkI89L7,76,2017-12-04
fvYRNJSy,77,2017-12-04
MW1joevo,78,2017-12-04
_AaHhmpY,79,2017-12-04
t2UGgCDf,80,2017-12-04
rnJh62XO,81,2017-12-04
C2rN5M5Y,82,2017-12-04
VtD_sdAx,83,2017-12-04
iMA-XcSh,84,2017-12-04
kVGYhq-r,85,2017-12-04
lSTmfWDS,86,2017-12-04
rBEhvMT1,87,2017-12-04
qn3OpWlF,88,2017-12-04
68D73d0w,89,2017-12-04
M-b8gaCr,90,2017-12-04
9yCMCTNq,91,2017-12-04
Z2rHUQrq,92,2017-12-04
QoIckxu9,93,2017-12-04
Grohf5-o,94,2017-12-04
ryviUJgy,95,2017-12-04
yYDStxbl,96,2017-12-04
hJBMcPcc,97,2017-12-04
YK47CRXj,98,2017-12-04
MkYz16Rk,99,2017-12-04
HvW-RyE-,100,2017-12-04
MQfpQt6u,1,2017-12-05
cR6OW098,2,2017-12-05
7CwLvXc6,3,2017-12-05
gW9hUEkQ,4,2017-12-05
hhOmGIls,5,2017-12-05
J54I24Qs,6,2017-12-05
N1DTyWDC,7,2017-12-05
Wfngq_NC,8,2017-12-05
Q5dE-6Cm,9,2017-12-05
vXaSvEK6,10,2017-12-05
3B7bhdh3,11,2017-12-05
eWDM9xAe,12,2017-12-05
fMag1Tga,13,2017-12-05
vM6SpcAX,14,2017-12-05
MwmZxU1z,15,2017-12-05
BKaUtdGp,16,2017-12-05
TFcwEw7y,17,2017-12-05
t4_PwAYp,18,2017-12-05
1uVZjWMu,19,2017-12-05
wpe4NbSF,20,2017-12-05
SxdL_VN6,21,2017-12-05
ryviUJgy,22,2017-12-05
vOTeHcnB,23,2017-12-05
V3KN74T9,24,2017-12-05
tgmmUOx0,25,2017-12-05
4RmwbCw4,26,2017-12-05
uf3FMxIG,27,2017-12-05
gD-ZZmb-,28,2017-12-05
X4q99UL7,29,2017-12-05
f-x9bxwm,30,2017-12-05
2oWa2CKB,31,2017-12-05
IUq0Mmjo,32,2017-12-05
GoPTQ8dT,33,2017-12-05
3hTPwXPr,34,2017-12-05
Tiouijwe,35,2017-12-05
uksx0FeR,36,2017-12-05
1KkUgXoM,37,2017-12-05
YJ6Vy4Nv,38,2017-12-05
8eo2Gj0-,39,2017-12-05
1xqHQw3J,40,2017-12-05
wlyGmMNW,41,2017-12-05
icJam_5l,42,2017-12-05
nAI7nw4v,43,2017-12-05
PqoFjtzu,44,2017-12-05
AKlqM6AM,45,2017-12-05
CwiGS1De,46,2017-12-05
dOSV6VLu,47,2017-12-05
2zXpXjMp,48,2017-12-05
QUNHFVVV,49,2017-12-05
MVpoxopZ,50,2017-12-05
xTOtGBbA,51,2017-12-05
y3aIN6Vj,52,2017-12-05
BSgKaQmC,53,2017-12-05
xoZWy8yV,54,2017-12-05
cWjC2ttw,55,2017-12-05
sEdO8hht,56,2017-12-05
NebtSti2,57,2017-12-05
UG7x7CeZ,58,2017-12-05
4Qq9sGzS,59,2017-12-05
og3XtU1p,60,2017-12-05
BzXPe5je,61,2017-12-05
I8E7jszF,62,2017-12-05
jLw_tYRU,63,2017-12-05
gMCUOdzs,64,2017-12-05
Paem2Kf1,65,2017-12-05
j8hvJDPs,66,2017-12-05
ykCnmE25,67,2017-12-05
Grohf5-o,68,2017-12-05
wXU-1C_6,69,2017-12-05
etvVmxnc,70,2017-12-05
vV8EQOxT,71,2017-12-05
68Mzp1yU,72,2017-12-05
Ra9F5rTD,73,2017-12-05
IlbqfHKT,74,2017-12-05
lSTmfWDS,75,2017-12-05
uiEWT3kP,76,2017-12-05
1EvZOLZA,77,2017-12-05
hJBMcPcc,78,2017-12-05
ywYcM5y0,79,2017-12-05
kVGYhq-r,80,2017-12-05
L24_-3Mk,81,2017-12-05
SM-rvz75,82,2017-12-05
OBKIcju5,83,2017-12-05
fBMSljcP,84,2017-12-05
hAPNuHZP,85,2017-12-05
rnJh62XO,86,2017-12-05
3x-IwBwd,87,2017-12-05
E_h53ExD,88,2017-12-05
qn3OpWlF,89,2017-12-05
t2UGgCDf,90,2017-12-05
rhdnRJOM,91,2017-12-05
ZzHJ8GG7,92,2017-12-05
nllxV6hU,93,2017-12-05
67d1h4XH,94,2017-12-05
JQNo0TMz,95,2017-12-05
7ycwqJgL,96,2017-12-05
Xo1Z1OwW,97,2017-12-05
rCOEcopo,98,2017-12-05
gMTqgK-l,99,2017-12-05
qSsPwP8L,100,2017-12-05
MQfpQt6u,1,2017-12-06
J54I24Qs,2,2017-12-06
hhOmGIls,3,2017-12-06
ZzHJ8GG7,4,2017-12-06
3B7bhdh3,5,2017-12-06
eWDM9xAe,6,2017-12-06
Wfngq_NC,7,2017-12-06
BKaUtdGp,8,2017-12-06
Q5dE-6Cm,9,2017-12-06
1uVZjWMu,10,2017-12-06
fMag1Tga,11,2017-12-06
MVpoxopZ,12,2017-12-06
7CwLvXc6,13,2017-12-06
wpe4NbSF,14,2017-12-06
SxdL_VN6,15,2017-12-06
tgmmUOx0,16,2017-12-06
MwmZxU1z,17,2017-12-06
t4_PwAYp,18,2017-12-06
vM6SpcAX,19,2017-12-06
qn3OpWlF,20,2017-12-06
smValFm8,21,2017-12-06
4RmwbCw4,22,2017-12-06
N1DTyWDC,23,2017-12-06
3hTPwXPr,24,2017-12-06
2zXpXjMp,25,2017-12-06
GoPTQ8dT,26,2017-12-06
gW9hUEkQ,27,2017-12-06
1en5VUEt,28,2017-12-06
og3XtU1p,29,2017-12-06
vOTeHcnB,30,2017-12-06
V3KN74T9,31,2017-12-06
f-x9bxwm,32,2017-12-06
gMCUOdzs,33,2017-12-06
vXaSvEK6,34,2017-12-06
icJam_5l,35,2017-12-06
uksx0FeR,36,2017-12-06
TFcwEw7y,37,2017-12-06
2oWa2CKB,38,2017-12-06
gD-ZZmb-,39,2017-12-06
8-bpBBFc,40,2017-12-06
X4q99UL7,41,2017-12-06
cWjC2ttw,42,2017-12-06
qSsPwP8L,43,2017-12-06
1pxSuog0,44,2017-12-06
ezdW6x7C,45,2017-12-06
JRrCpewg,46,2017-12-06
9xnr1G5u,47,2017-12-06
QUNHFVVV,48,2017-12-06
PtccHl4F,49,2017-12-06
xoZWy8yV,50,2017-12-06
uf3FMxIG,51,2017-12-06
cR6OW098,52,2017-12-06
HvW-RyE-,53,2017-12-06
ryviUJgy,54,2017-12-06
Tiouijwe,55,2017-12-06
j8hvJDPs,56,2017-12-06
IUq0Mmjo,57,2017-12-06
9VwKDBO4,58,2017-12-06
JQNo0TMz,59,2017-12-06
_qkI89L7,60,2017-12-06
yoLx6Opy,61,2017-12-06
1EvZOLZA,62,2017-12-06
1xqHQw3J,63,2017-12-06
lSTmfWDS,64,2017-12-06
sEdO8hht,65,2017-12-06
RNbtbz4L,66,2017-12-06
8eo2Gj0-,67,2017-12-06
BeTQPY7_,68,2017-12-06
iMA-XcSh,69,2017-12-06
wlyGmMNW,70,2017-12-06
Qbz7DnQ_,71,2017-12-06
wxpUtIv4,72,2017-12-06
hAPNuHZP,73,2017-12-06
4Qq9sGzS,74,2017-12-06
h1nBhMuG,75,2017-12-06
rhdnRJOM,76,2017-12-06
M-b8gaCr,77,2017-12-06
y3aIN6Vj,78,2017-12-06
YJ6Vy4Nv,79,2017-12-06
Ni6noMmw,80,2017-12-06
fvYRNJSy,81,2017-12-06
dvuz2BjM,82,2017-12-06
dOSV6VLu,83,2017-12-06
fMhpYBOO,84,2017-12-06
p7E2RtgF,85,2017-12-06
CwiGS1De,86,2017-12-06
68Mzp1yU,87,2017-12-06
sH2Wok85,88,2017-12-06
fBMSljcP,89,2017-12-06
YK47CRXj,90,2017-12-06
yqdujZ0b,91,2017-12-06
XwHzgEp_,92,2017-12-06
LvJNKAbb,93,2017-12-06
UG7x7CeZ,94,2017-12-06
ykCnmE25,95,2017-12-06
MkYz16Rk,96,2017-12-06
twNjx7HC,97,2017-12-06
ue-tApr6,98,2017-12-06
Kx3x_tbv,99,2017-12-06
GuyC0G3E,100,2017-12-06
hhOmGIls,1,2017-12-07
J54I24Qs,2,2017-12-07
7CwLvXc6,3,2017-12-07
Q5dE-6Cm,4,2017-12-07
Wfngq_NC,5,2017-12-07
3B7bhdh3,6,2017-12-07
uf3FMxIG,7,2017-12-07
_qkI89L7,8,2017-12-07
1uVZjWMu,9,2017-12-07
Oo4Rg77H,10,2017-12-07
4RmwbCw4,11,2017-12-07
BKaUtdGp,12,2017-12-07
iMA-XcSh,13,2017-12-07
vXaSvEK6,14,2017-12-07
eWDM9xAe,15,2017-12-07
tgmmUOx0,16,2017-12-07
N1DTyWDC,17,2017-12-07
SxdL_VN6,18,2017-12-07
9VwKDBO4,19,2017-12-07
vM6SpcAX,20,2017-12-07
8-bpBBFc,21,2017-12-07
wpe4NbSF,22,2017-12-07
icJam_5l,23,2017-12-07
gW9hUEkQ,24,2017-12-07
xoZWy8yV,25,2017-12-07
V3KN74T9,26,2017-12-07
og3XtU1p,27,2017-12-07
lSTmfWDS,28,2017-12-07
vOTeHcnB,29,2017-12-07
MVpoxopZ,30,2017-12-07
9K8Ss1Pa,31,2017-12-07
GoPTQ8dT,32,2017-12-07
uksx0FeR,33,2017-12-07
2zXpXjMp,34,2017-12-07
gD-ZZmb-,35,2017-12-07
t4_PwAYp,36,2017-12-07
QUNHFVVV,37,2017-12-07
esxf9LJc,38,2017-12-07
Cf39sLNq,39,2017-12-07
twNjx7HC,40,2017-12-07
2oWa2CKB,41,2017-12-07
Qbz7DnQ_,42,2017-12-07
X4q99UL7,43,2017-12-07
CwiGS1De,44,2017-12-07
1xqHQw3J,45,2017-12-07
fMag1Tga,46,2017-12-07
j8hvJDPs,47,2017-12-07
Grohf5-o,48,2017-12-07
ZzHJ8GG7,49,2017-12-07
sH2Wok85,50,2017-12-07
CIl8oiQY,51,2017-12-07
68Mzp1yU,52,2017-12-07
yWIzzs8Z,53,2017-12-07
jLw_tYRU,54,2017-12-07
3hTPwXPr,55,2017-12-07
yoLx6Opy,56,2017-12-07
I8E7jszF,57,2017-12-07
sEdO8hht,58,2017-12-07
fBMSljcP,59,2017-12-07
ryviUJgy,60,2017-12-07
f-x9bxwm,61,2017-12-07
dOSV6VLu,62,2017-12-07
p9N9osPR,63,2017-12-07
MQfpQt6u,64,2017-12-07
G1QzY-iU,65,2017-12-07
TFcwEw7y,66,2017-12-07
MkYz16Rk,67,2017-12-07
L03PNwY-,68,2017-12-07
y3aIN6Vj,69,2017-12-07
p7E2RtgF,70,2017-12-07
UG7x7CeZ,71,2017-12-07
HvW-RyE-,72,2017-12-07
PtccHl4F,73,2017-12-07
gMCUOdzs,74,2017-12-07
OT_catxH,75,2017-12-07
8AjyAF5f,76,2017-12-07
A3STSldJ,77,2017-12-07
YJ6Vy4Nv,78,2017-12-07
xxsFHiKl,79,2017-12-07
rCOEcopo,80,2017-12-07
ykCnmE25,81,2017-12-07
9xnr1G5u,82,2017-12-07
24CCo8vv,83,2017-12-07
oCMEP42A,84,2017-12-07
cWjC2ttw,85,2017-12-07
HAOc17bN,86,2017-12-07
17hR3RuA,87,2017-12-07
qSsPwP8L,88,2017-12-07
4Qq9sGzS,89,2017-12-07
nAI7nw4v,90,2017-12-07
ZWH9_TrY,91,2017-12-07
Wn_eONzu,92,2017-12-07
wlyGmMNW,93,2017-12-07
qn3OpWlF,94,2017-12-07
uiEWT3kP,95,2017-12-07
MwmZxU1z,96,2017-12-07
YK47CRXj,97,2017-12-07
5dKUt0bi,98,2017-12-07
WCpI6Pg8,99,2017-12-07
IUq0Mmjo,100,2017-12-07
hhOmGIls,1,2017-12-08
J54I24Qs,2,2017-12-08
vXaSvEK6,3,2017-12-08
eWDM9xAe,4,2017-12-08
1uVZjWMu,5,2017-12-08
Q5dE-6Cm,6,2017-12-08
3B7bhdh3,7,2017-12-08
MVpoxopZ,8,2017-12-08
7CwLvXc6,9,2017-12-08
Wfngq_NC,10,2017-12-08
BKaUtdGp,11,2017-12-08
4RmwbCw4,12,2017-12-08
og3XtU1p,13,2017-12-08
tgmmUOx0,14,2017-12-08
V3KN74T9,15,2017-12-08
icJam_5l,16,2017-12-08
gW9hUEkQ,17,2017-12-08
X4q99UL7,18,2017-12-08
t4_PwAYp,19,2017-12-08
fMag1Tga,20,2017-12-08
QUNHFVVV,21,2017-12-08
smValFm8,22,2017-12-08
lSTmfWDS,23,2017-12-08
iMA-XcSh,24,2017-12-08
nAI7nw4v,25,2017-12-08
wlyGmMNW,26,2017-12-08
nyi-m80-,27,2017-12-08
gD-ZZmb-,28,2017-12-08
vM6SpcAX,29,2017-12-08
uf3FMxIG,30,2017-12-08
q-TCdiS-,31,2017-12-08
2oWa2CKB,32,2017-12-08
2zXpXjMp,33,2017-12-08
vOTeHcnB,34,2017-12-08
j8hvJDPs,35,2017-12-08
N1DTyWDC,36,2017-12-08
TFcwEw7y,37,2017-12-08
_qkI89L7,38,2017-12-08
1xqHQw3J,39,2017-12-08
SxdL_VN6,40,2017-12-08
4Qq9sGzS,41,2017-12-08
uksx0FeR,42,2017-12-08
f-x9bxwm,43,2017-12-08
GoPTQ8dT,44,2017-12-08
AZpBDVpd,45,2017-12-08
sEdO8hht,46,2017-12-08
yoLx6Opy,47,2017-12-08
wpe4NbSF,48,2017-12-08
8-bpBBFc,49,2017-12-08
Ra9F5rTD,50,2017-12-08
cWjC2ttw,51,2017-12-08
17hR3RuA,52,2017-12-08
9Py5z8t4,53,2017-12-08
Grohf5-o,54,2017-12-08
Tiouijwe,55,2017-12-08
3hTPwXPr,56,2017-12-08
68Mzp1yU,57,2017-12-08
oCMEP42A,58,2017-12-08
XwHzgEp_,59,2017-12-08
Qbz7DnQ_,60,2017-12-08
JQNo0TMz,61,2017-12-08
I8E7jszF,62,2017-12-08
ykCnmE25,63,2017-12-08
8eo2Gj0-,64,2017-12-08
p7E2RtgF,65,2017-12-08
E_h53ExD,66,2017-12-08
MwmZxU1z,67,2017-12-08
ryviUJgy,68,2017-12-08
IlbqfHKT,69,2017-12-08
Xo1Z1OwW,70,2017-12-08
AHILcvSG,71,2017-12-08
dOSV6VLu,72,2017-12-08
D3SJuzFQ,73,2017-12-08
C2rN5M5Y,74,2017-12-08
y3aIN6Vj,75,2017-12-08
mLZbUw7g,76,2017-12-08
ewzharPB,77,2017-12-08
twNjx7HC,78,2017-12-08
hAPNuHZP,79,2017-12-08
uiEWT3kP,80,2017-12-08
xoZWy8yV,81,2017-12-08
9iMCu7Pj,82,2017-12-08
1zRGHMMB,83,2017-12-08
qOVmDCCQ,84,2017-12-08
IUq0Mmjo,85,2017-12-08
OdhZxea-,86,2017-12-08
t2UGgCDf,87,2017-12-08
1EvZOLZA,88,2017-12-08
JQK6ye5t,89,2017-12-08
PqoFjtzu,90,2017-12-08
fMhpYBOO,91,2017-12-08
e6LoQxIw,92,2017-12-08
pFmvx9Jr,93,2017-12-08
etvVmxnc,94,2017-12-08
yshGBwsU,95,2017-12-08
jLw_tYRU,96,2017-12-08
WPdwioqv,97,2017-12-08
JRrCpewg,98,2017-12-08
esxf9LJc,99,2017-12-08
hJBMcPcc,100,2017-12-08
7CwLvXc6,1,2017-12-09
gW9hUEkQ,2,2017-12-09
1uVZjWMu,3,2017-12-09
eWDM9xAe,4,2017-12-09
Wfngq_NC,5,2017-12-09
RNbtbz4L,6,2017-12-09
tgmmUOx0,7,2017-12-09
3B7bhdh3,8,2017-12-09
aPUTe4sb,9,2017-12-09
MVpoxopZ,10,2017-12-09
icJam_5l,11,2017-12-09
hhOmGIls,12,2017-12-09
t4_PwAYp,13,2017-12-09
Q5dE-6Cm,14,2017-12-09
J54I24Qs,15,2017-12-09
vXaSvEK6,16,2017-12-09
f-x9bxwm,17,2017-12-09
fMag1Tga,18,2017-12-09
2zXpXjMp,19,2017-12-09
og3XtU1p,20,2017-12-09
vOTeHcnB,21,2017-12-09
N1DTyWDC,22,2017-12-09
I8E7jszF,23,2017-12-09
PtccHl4F,24,2017-12-09
lSTmfWDS,25,2017-12-09
BKaUtdGp,26,2017-12-09
wpe4NbSF,27,2017-12-09
xoZWy8yV,28,2017-12-09
QUNHFVVV,29,2017-12-09
iMA-XcSh,30,2017-12-09
wlyGmMNW,31,2017-12-09
j8hvJDPs,32,2017-12-09
V3KN74T9,33,2017-12-09
uksx0FeR,34,2017-12-09
4RmwbCw4,35,2017-12-09
gD-ZZmb-,36,2017-12-09
Tiouijwe,37,2017-12-09
vM6SpcAX,38,2017-12-09
GoPTQ8dT,39,2017-12-09
rnJh62XO,40,2017-12-09
YJ6Vy4Nv,41,2017-12-09
4Qq9sGzS,42,2017-12-09
Grohf5-o,43,2017-12-09
2oWa2CKB,44,2017-12-09
Wa2ECpqQ,45,2017-12-09
_qkI89L7,46,2017-12-09
VuKT5NQ6,47,2017-12-09
gMCUOdzs,48,2017-12-09
X4q99UL7,49,2017-12-09
Epg9BRBc,50,2017-12-09
sEdO8hht,51,2017-12-09
9VwKDBO4,52,2017-12-09
jLw_tYRU,53,2017-12-09
ykCnmE25,54,2017-12-09
yshGBwsU,55,2017-12-09
cWjC2ttw,56,2017-12-09
fY5WSr5W,57,2017-12-09
3hTPwXPr,58,2017-12-09
t2UGgCDf,59,2017-12-09
IlbqfHKT,60,2017-12-09
y3aIN6Vj,61,2017-12-09
dOSV6VLu,62,2017-12-09
q-TCdiS-,63,2017-12-09
Ra9F5rTD,64,2017-12-09
1EvZOLZA,65,2017-12-09
Kx3x_tbv,66,2017-12-09
AHILcvSG,67,2017-12-09
9qR4afJN,68,2017-12-09
1xqHQw3J,69,2017-12-09
Xo1Z1OwW,70,2017-12-09
yoLx6Opy,71,2017-12-09
JQNo0TMz,72,2017-12-09
hAPNuHZP,73,2017-12-09
SxdL_VN6,74,2017-12-09
xz9ItcwQ,75,2017-12-09
D3SJuzFQ,76,2017-12-09
uf3FMxIG,77,2017-12-09
BeTQPY7_,78,2017-12-09
rhdnRJOM,79,2017-12-09
BzXPe5je,80,2017-12-09
t7wRXRuv,81,2017-12-09
3aG_0iuM,82,2017-12-09
m6DcVXHw,83,2017-12-09
68Mzp1yU,84,2017-12-09
sH2Wok85,85,2017-12-09
8-bpBBFc,86,2017-12-09
SaiihLB7,87,2017-12-09
WsC4viH8,88,2017-12-09
5dKUt0bi,89,2017-12-09
VtD_sdAx,90,2017-12-09
7V246Km8,91,2017-12-09
GQwBkPCP,92,2017-12-09
IUq0Mmjo,93,2017-12-09
XwHzgEp_,94,2017-12-09
AKlqM6AM,95,2017-12-09
fMhpYBOO,96,2017-12-09
mw29324w,97,2017-12-09
DMoLdwJ7,98,2017-12-09
rlpoMDqy,99,2017-12-09
etvVmxnc,100,2017-12-09
eWDM9xAe,1,2017-12-10
9JVEIv_0,2,2017-12-10
1uVZjWMu,3,2017-12-10
3B7bhdh3,4,2017-12-10
4KDAHlE1,5,2017-12-10
icJam_5l,6,2017-12-10
Wfngq_NC,7,2017-12-10
Q5dE-6Cm,8,2017-12-10
fMag1Tga,9,2017-12-10
t4_PwAYp,10,2017-12-10
tgmmUOx0,11,2017-12-10
hhOmGIls,12,2017-12-10
MVpoxopZ,13,2017-12-10
vXaSvEK6,14,2017-12-10
J54I24Qs,15,2017-12-10
V3KN74T9,16,2017-12-10
og3XtU1p,17,2017-12-10
3hTPwXPr,18,2017-12-10
HvW-RyE-,19,2017-12-10
f-x9bxwm,20,2017-12-10
7CwLvXc6,21,2017-12-10
j8hvJDPs,22,2017-12-10
wpe4NbSF,23,2017-12-10
9xnr1G5u,24,2017-12-10
Zat9u_Ni,25,2017-12-10
vOTeHcnB,26,2017-12-10
N1DTyWDC,27,2017-12-10
xoZWy8yV,28,2017-12-10
4RmwbCw4,29,2017-12-10
vM6SpcAX,30,2017-12-10
SxdL_VN6,31,2017-12-10
2zXpXjMp,32,2017-12-10
_qkI89L7,33,2017-12-10
Tiouijwe,34,2017-12-10
7h31M1Uv,35,2017-12-10
gW9hUEkQ,36,2017-12-10
lSTmfWDS,37,2017-12-10
RNbtbz4L,38,2017-12-10
4Qq9sGzS,39,2017-12-10
QUNHFVVV,40,2017-12-10
uksx0FeR,41,2017-12-10
hAPNuHZP,42,2017-12-10
GoPTQ8dT,43,2017-12-10
Qbz7DnQ_,44,2017-12-10
X4q99UL7,45,2017-12-10
etvVmxnc,46,2017-12-10
1xqHQw3J,47,2017-12-10
xz9ItcwQ,48,2017-12-10
bQtpQaHh,49,2017-12-10
wlyGmMNW,50,2017-12-10
dOSV6VLu,51,2017-12-10
aPUTe4sb,52,2017-12-10
1EvZOLZA,53,2017-12-10
t2UGgCDf,54,2017-12-10
rhdnRJOM,55,2017-12-10
wYZwNMBK,56,2017-12-10
PtccHl4F,57,2017-12-10
5TFTWB4V,58,2017-12-10
p7E2RtgF,59,2017-12-10
L3nJE_np,60,2017-12-10
gD-ZZmb-,61,2017-12-10
iMA-XcSh,62,2017-12-10
8AjyAF5f,63,2017-12-10
2oWa2CKB,64,2017-12-10
AHILcvSG,65,2017-12-10
I8E7jszF,66,2017-12-10
BKaUtdGp,67,2017-12-10
XUFpZ03K,68,2017-12-10
9VwKDBO4,69,2017-12-10
fBMSljcP,70,2017-12-10
JQNo0TMz,71,2017-12-10
E_h53ExD,72,2017-12-10
jLw_tYRU,73,2017-12-10
1pxSuog0,74,2017-12-10
DmzApudU,75,2017-12-10
yshGBwsU,76,2017-12-10
IUq0Mmjo,77,2017-12-10
cWjC2ttw,78,2017-12-10
IlbqfHKT,79,2017-12-10
30Vd59pS,80,2017-12-10
YJ6Vy4Nv,81,2017-12-10
Z2rHUQrq,82,2017-12-10
H0IRhlNT,83,2017-12-10
WsC4viH8,84,2017-12-10
Wa2ECpqQ,85,2017-12-10
sEdO8hht,86,2017-12-10
uf3FMxIG,87,2017-12-10
WPdwioqv,88,2017-12-10
24CCo8vv,89,2017-12-10
RhaB6-ie,90,2017-12-10
tzCZDcKo,91,2017-12-10
5WKFk_79,92,2017-12-10
9qR4afJN,93,2017-12-10
0-5hUtBO,94,2017-12-10
ekVdP6hG,95,2017-12-10
oIyV5KaN,96,2017-12-10
y3aIN6Vj,97,2017-12-10
NebtSti2,98,2017-12-10
s9ZYGKqH,99,2017-12-10
rCOEcopo,100,2017-12-10
4UXL9dBG,1,2017-12-11
7hXsRHJk,2,2017-12-11
iKLVQyXn,3,2017-12-11
oJrzUeAy,4,2017-12-11
J54I24Qs,5,2017-12-11
V3KN74T9,6,2017-12-11
Wfngq_NC,7,2017-12-11
RCqwzFLD,8,2017-12-11
hhOmGIls,9,2017-12-11
3B7bhdh3,10,2017-12-11
eWDM9xAe,11,2017-12-11
icJam_5l,12,2017-12-11
Q5dE-6Cm,13,2017-12-11
1uVZjWMu,14,2017-12-11
4RmwbCw4,15,2017-12-11
wpe4NbSF,16,2017-12-11
ewzharPB,17,2017-12-11
yoLx6Opy,18,2017-12-11
fMag1Tga,19,2017-12-11
xoZWy8yV,20,2017-12-11
tgmmUOx0,21,2017-12-11
lSTmfWDS,22,2017-12-11
_qkI89L7,23,2017-12-11
vM6SpcAX,24,2017-12-11
vOTeHcnB,25,2017-12-11
t4_PwAYp,26,2017-12-11
9VwKDBO4,27,2017-12-11
1xqHQw3J,28,2017-12-11
og3XtU1p,29,2017-12-11
SxdL_VN6,30,2017-12-11
2zXpXjMp,31,2017-12-11
N1DTyWDC,32,2017-12-11
PqoFjtzu,33,2017-12-11
dOSV6VLu,34,2017-12-11
BKaUtdGp,35,2017-12-11
MVpoxopZ,36,2017-12-11
f-x9bxwm,37,2017-12-11
X4q99UL7,38,2017-12-11
QUNHFVVV,39,2017-12-11
N8GFSgiB,40,2017-12-11
j8hvJDPs,41,2017-12-11
OT_catxH,42,2017-12-11
vXaSvEK6,43,2017-12-11
esxf9LJc,44,2017-12-11
nyi-m80-,45,2017-12-11
7h31M1Uv,46,2017-12-11
LvJNKAbb,47,2017-12-11
gW9hUEkQ,48,2017-12-11
GoPTQ8dT,49,2017-12-11
9xnr1G5u,50,2017-12-11
D3SJuzFQ,51,2017-12-11
Kx3x_tbv,52,2017-12-11
Tiouijwe,53,2017-12-11
Grohf5-o,54,2017-12-11
WPdwioqv,55,2017-12-11
smValFm8,56,2017-12-11
cWjC2ttw,57,2017-12-11
hAPNuHZP,58,2017-12-11
wYZwNMBK,59,2017-12-11
2oWa2CKB,60,2017-12-11
4KDAHlE1,61,2017-12-11
sEdO8hht,62,2017-12-11
Cf39sLNq,63,2017-12-11
3hTPwXPr,64,2017-12-11
1EvZOLZA,65,2017-12-11
IUq0Mmjo,66,2017-12-11
68Mzp1yU,67,2017-12-11
uksx0FeR,68,2017-12-11
wlyGmMNW,69,2017-12-11
AKlqM6AM,70,2017-12-11
uf3FMxIG,71,2017-12-11
9JVEIv_0,72,2017-12-11
CwiGS1De,73,2017-12-11
ha4vQWj7,74,2017-12-11
gD-ZZmb-,75,2017-12-11
rhdnRJOM,76,2017-12-11
fMhpYBOO,77,2017-12-11
4Qq9sGzS,78,2017-12-11
BSgKaQmC,79,2017-12-11
BzXPe5je,80,2017-12-11
SGbFrKzg,81,2017-12-11
UG7x7CeZ,82,2017-12-11
nAI7nw4v,83,2017-12-11
30Vd59pS,84,2017-12-11
HvW-RyE-,85,2017-12-11
p7E2RtgF,86,2017-12-11
rCOEcopo,87,2017-12-11
q-TCdiS-,88,2017-12-11
eyPlu3tM,89,2017-12-11
hJBMcPcc,90,2017-12-11
JQNo0TMz,91,2017-12-11
E_h53ExD,92,2017-12-11
jLw_tYRU,93,2017-12-11
8AjyAF5f,94,2017-12-11
YJ6Vy4Nv,95,2017-12-11
pXjXhUYW,96,2017-12-11
etvVmxnc,97,2017-12-11
y3aIN6Vj,98,2017-12-11
TFcwEw7y,99,2017-12-11
wxpUtIv4,100,2017-12-11
wehVTVhD,1,2017-12-12
cR6OW098,2,2017-12-12
7CwLvXc6,3,2017-12-12
gW9hUEkQ,4,2017-12-12
J54I24Qs,5,2017-12-12
hhOmGIls,6,2017-12-12
eWDM9xAe,7,2017-12-12
Wfngq_NC,8,2017-12-12
ewzharPB,9,2017-12-12
xoZWy8yV,10,2017-12-12
1uVZjWMu,11,2017-12-12
V3KN74T9,12,2017-12-12
4RmwbCw4,13,2017-12-12
3B7bhdh3,14,2017-12-12
SxdL_VN6,15,2017-12-12
vOTeHcnB,16,2017-12-12
wpe4NbSF,17,2017-12-12
tgmmUOx0,18,2017-12-12
IflBSDBU,19,2017-12-12
icJam_5l,20,2017-12-12
Q5dE-6Cm,21,2017-12-12
3hTPwXPr,22,2017-12-12
BKaUtdGp,23,2017-12-12
t4_PwAYp,24,2017-12-12
fMag1Tga,25,2017-12-12
_qkI89L7,26,2017-12-12
N1DTyWDC,27,2017-12-12
2oWa2CKB,28,2017-12-12
f-x9bxwm,29,2017-12-12
GoPTQ8dT,30,2017-12-12
vM6SpcAX,31,2017-12-12
I8E7jszF,32,2017-12-12
vXaSvEK6,33,2017-12-12
2zXpXjMp,34,2017-12-12
QUNHFVVV,35,2017-12-12
1xqHQw3J,36,2017-12-12
gD-ZZmb-,37,2017-12-12
lSTmfWDS,38,2017-12-12
j8hvJDPs,39,2017-12-12
Tiouijwe,40,2017-12-12
mqWWVIU0,41,2017-12-12
yoLx6Opy,42,2017-12-12
WPdwioqv,43,2017-12-12
iMA-XcSh,44,2017-12-12
sEdO8hht,45,2017-12-12
9iMCu7Pj,46,2017-12-12
dOSV6VLu,47,2017-12-12
nyi-m80-,48,2017-12-12
y3aIN6Vj,49,2017-12-12
JQNo0TMz,50,2017-12-12
IUq0Mmjo,51,2017-12-12
68Mzp1yU,52,2017-12-12
X4q99UL7,53,2017-12-12
9xnr1G5u,54,2017-12-12
Qbz7DnQ_,55,2017-12-12
wlyGmMNW,56,2017-12-12
hAPNuHZP,57,2017-12-12
BSgKaQmC,58,2017-12-12
7h31M1Uv,59,2017-12-12
D3SJuzFQ,60,2017-12-12
Kx3x_tbv,61,2017-12-12
4Qq9sGzS,62,2017-12-12
ryviUJgy,63,2017-12-12
9VwKDBO4,64,2017-12-12
uf3FMxIG,65,2017-12-12
RCqwzFLD,66,2017-12-12
MVpoxopZ,67,2017-12-12
YJ6Vy4Nv,68,2017-12-12
8eo2Gj0-,69,2017-12-12
og3XtU1p,70,2017-12-12
5CdZTkx0,71,2017-12-12
qOVmDCCQ,72,2017-12-12
bRSH0ui8,73,2017-12-12
PqoFjtzu,74,2017-12-12
szuGlu5K,75,2017-12-12
Ra9F5rTD,76,2017-12-12
q-TCdiS-,77,2017-12-12
oJrzUeAy,78,2017-12-12
E_h53ExD,79,2017-12-12
xzuzW4sq,80,2017-12-12
cWjC2ttw,81,2017-12-12
iKLVQyXn,82,2017-12-12
1EvZOLZA,83,2017-12-12
nAI7nw4v,84,2017-12-12
0-5hUtBO,85,2017-12-12
LvJNKAbb,86,2017-12-12
ykCnmE25,87,2017-12-12
MkYz16Rk,88,2017-12-12
Grohf5-o,89,2017-12-12
PtccHl4F,90,2017-12-12
OdhZxea-,91,2017-12-12
p7E2RtgF,92,2017-12-12
uiEWT3kP,93,2017-12-12
NebtSti2,94,2017-12-12
BtxaH9yL,95,2017-12-12
oVikJYYG,96,2017-12-12
GuyC0G3E,97,2017-12-12
yshGBwsU,98,2017-12-12
m87V1xS7,99,2017-12-12
IlbqfHKT,100,2017-12-12
wehVTVhD,1,2017-12-13
cR6OW098,2,2017-12-13
7CwLvXc6,3,2017-12-13
gW9hUEkQ,4,2017-12-13
J54I24Qs,5,2017-12-13
hhOmGIls,6,2017-12-13
eWDM9xAe,7,2017-12-13
Wfngq_NC,8,2017-12-13
ewzharPB,9,2017-12-13
xoZWy8yV,10,2017-12-13
1uVZjWMu,11,2017-12-13
V3KN74T9,12,2017-12-13
4RmwbCw4,13,2017-12-13
3B7bhdh3,14,2017-12-13
SxdL_VN6,15,2017-12-13
vOTeHcnB,16,2017-12-13
wpe4NbSF,17,2017-12-13
tgmmUOx0,18,2017-12-13
IflBSDBU,19,2017-12-13
icJam_5l,20,2017-12-13
Q5dE-6Cm,21,2017-12-13
3hTPwXPr,22,2017-12-13
BKaUtdGp,23,2017-12-13
t4_PwAYp,24,2017-12-13
fMag1Tga,25,2017-12-13
_qkI89L7,26,2017-12-13
N1DTyWDC,27,2017-12-13
2oWa2CKB,28,2017-12-13
f-x9bxwm,29,2017-12-13
GoPTQ8dT,30,2017-12-13
vM6SpcAX,31,2017-12-13
I8E7jszF,32,2017-12-13
vXaSvEK6,33,2017-12-13
2zXpXjMp,34,2017-12-13
QUNHFVVV,35,2017-12-13
1xqHQw3J,36,2017-12-13
gD-ZZmb-,37,2017-12-13
lSTmfWDS,38,2017-12-13
j8hvJDPs,39,2017-12-13
Tiouijwe,40,2017-12-13
mqWWVIU0,41,2017-12-13
yoLx6Opy,42,2017-12-13
WPdwioqv,43,2017-12-13
iMA-XcSh,44,2017-12-13
sEdO8hht,45,2017-12-13
9iMCu7Pj,46,2017-12-13
dOSV6VLu,47,2017-12-13
nyi-m80-,48,2017-12-13
y3aIN6Vj,49,2017-12-13
JQNo0TMz,50,2017-12-13
IUq0Mmjo,51,2017-12-13
68Mzp1yU,52,2017-12-13
X4q99UL7,53,2017-12-13
9xnr1G5u,54,2017-12-13
Qbz7DnQ_,55,2017-12-13
wlyGmMNW,56,2017-12-13
hAPNuHZP,57,2017-12-13
BSgKaQmC,58,2017-12-13
7h31M1Uv,59,2017-12-13
D3SJuzFQ,60,2017-12-13
Kx3x_tbv,61,2017-12-13
4Qq9sGzS,62,2017-12-13
ryviUJgy,63,2017-12-13
9VwKDBO4,64,2017-12-13
uf3FMxIG,65,2017-12-13
RCqwzFLD,66,2017-12-13
MVpoxopZ,67,2017-12-13
YJ6Vy4Nv,68,2017-12-13
8eo2Gj0-,69,2017-12-13
og3XtU1p,70,2017-12-13
5CdZTkx0,71,2017-12-13
qOVmDCCQ,72,2017-12-13
bRSH0ui8,73,2017-12-13
PqoFjtzu,74,2017-12-13
szuGlu5K,75,2017-12-13
Ra9F5rTD,76,2017-12-13
q-TCdiS-,77,2017-12-13
oJrzUeAy,78,2017-12-13
E_h53ExD,79,2017-12-13
xzuzW4sq,80,2017-12-13
cWjC2ttw,81,2017-12-13
iKLVQyXn,82,2017-12-13
1EvZOLZA,83,2017-12-13
nAI7nw4v,84,2017-12-13
0-5hUtBO,85,2017-12-13
LvJNKAbb,86,2017-12-13
ykCnmE25,87,2017-12-13
MkYz16Rk,88,2017-12-13
Grohf5-o,89,2017-12-13
PtccHl4F,90,2017-12-13
OdhZxea-,91,2017-12-13
p7E2RtgF,92,2017-12-13
uiEWT3kP,93,2017-12-13
NebtSti2,94,2017-12-13
BtxaH9yL,95,2017-12-13
oVikJYYG,96,2017-12-13
GuyC0G3E,97,2017-12-13
yshGBwsU,98,2017-12-13
m87V1xS7,99,2017-12-13
IlbqfHKT,100,2017-12-13
wehVTVhD,1,2017-12-14
cR6OW098,2,2017-12-14
7CwLvXc6,3,2017-12-14
gW9hUEkQ,4,2017-12-14
J54I24Qs,5,2017-12-14
hhOmGIls,6,2017-12-14
eWDM9xAe,7,2017-12-14
Wfngq_NC,8,2017-12-14
ewzharPB,9,2017-12-14
xoZWy8yV,10,2017-12-14
1uVZjWMu,11,2017-12-14
V3KN74T9,12,2017-12-14
4RmwbCw4,13,2017-12-14
3B7bhdh3,14,2017-12-14
SxdL_VN6,15,2017-12-14
vOTeHcnB,16,2017-12-14
wpe4NbSF,17,2017-12-14
tgmmUOx0,18,2017-12-14
IflBSDBU,19,2017-12-14
icJam_5l,20,2017-12-14
Q5dE-6Cm,21,2017-12-14
3hTPwXPr,22,2017-12-14
BKaUtdGp,23,2017-12-14
t4_PwAYp,24,2017-12-14
fMag1Tga,25,2017-12-14
_qkI89L7,26,2017-12-14
N1DTyWDC,27,2017-12-14
2oWa2CKB,28,2017-12-14
f-x9bxwm,29,2017-12-14
GoPTQ8dT,30,2017-12-14
vM6SpcAX,31,2017-12-14
I8E7jszF,32,2017-12-14
vXaSvEK6,33,2017-12-14
2zXpXjMp,34,2017-12-14
QUNHFVVV,35,2017-12-14
1xqHQw3J,36,2017-12-14
gD-ZZmb-,37,2017-12-14
lSTmfWDS,38,2017-12-14
j8hvJDPs,39,2017-12-14
Tiouijwe,40,2017-12-14
mqWWVIU0,41,2017-12-14
yoLx6Opy,42,2017-12-14
WPdwioqv,43,2017-12-14
iMA-XcSh,44,2017-12-14
sEdO8hht,45,2017-12-14
9iMCu7Pj,46,2017-12-14
dOSV6VLu,47,2017-12-14
nyi-m80-,48,2017-12-14
y3aIN6Vj,49,2017-12-14
JQNo0TMz,50,2017-12-14
IUq0Mmjo,51,2017-12-14
68Mzp1yU,52,2017-12-14
X4q99UL7,53,2017-12-14
9xnr1G5u,54,2017-12-14
Qbz7DnQ_,55,2017-12-14
wlyGmMNW,56,2017-12-14
hAPNuHZP,57,2017-12-14
BSgKaQmC,58,2017-12-14
7h31M1Uv,59,2017-12-14
D3SJuzFQ,60,2017-12-14
Kx3x_tbv,61,2017-12-14
4Qq9sGzS,62,2017-12-14
ryviUJgy,63,2017-12-14
9VwKDBO4,64,2017-12-14
uf3FMxIG,65,2017-12-14
RCqwzFLD,66,2017-12-14
MVpoxopZ,67,2017-12-14
YJ6Vy4Nv,68,2017-12-14
8eo2Gj0-,69,2017-12-14
og3XtU1p,70,2017-12-14
5CdZTkx0,71,2017-12-14
qOVmDCCQ,72,2017-12-14
bRSH0ui8,73,2017-12-14
PqoFjtzu,74,2017-12-14
szuGlu5K,75,2017-12-14
Ra9F5rTD,76,2017-12-14
q-TCdiS-,77,2017-12-14
oJrzUeAy,78,2017-12-14
E_h53ExD,79,2017-12-14
xzuzW4sq,80,2017-12-14
cWjC2ttw,81,2017-12-14
iKLVQyXn,82,2017-12-14
1EvZOLZA,83,2017-12-14
nAI7nw4v,84,2017-12-14
0-5hUtBO,85,2017-12-14
LvJNKAbb,86,2017-12-14
ykCnmE25,87,2017-12-14
MkYz16Rk,88,2017-12-14
Grohf5-o,89,2017-12-14
PtccHl4F,90,2017-12-14
OdhZxea-,91,2017-12-14
p7E2RtgF,92,2017-12-14
uiEWT3kP,93,2017-12-14
NebtSti2,94,2017-12-14
BtxaH9yL,95,2017-12-14
oVikJYYG,96,2017-12-14
GuyC0G3E,97,2017-12-14
yshGBwsU,98,2017-12-14
m87V1xS7,99,2017-12-14
IlbqfHKT,100,2017-12-14
7a2O2B4f,1,2017-12-15
a_pdu29o,2,2017-12-15
AFOMpCP1,3,2017-12-15
o1lG-yUY,4,2017-12-15
ENV9apuS,5,2017-12-15
Wfngq_NC,6,2017-12-15
wehVTVhD,7,2017-12-15
V3KN74T9,8,2017-12-15
Q5dE-6Cm,9,2017-12-15
5ztjnEEQ,10,2017-12-15
eWDM9xAe,11,2017-12-15
hhOmGIls,12,2017-12-15
1uVZjWMu,13,2017-12-15
xzuzW4sq,14,2017-12-15
t4_PwAYp,15,2017-12-15
GoPTQ8dT,16,2017-12-15
J54I24Qs,17,2017-12-15
szuGlu5K,18,2017-12-15
fMag1Tga,19,2017-12-15
Tiouijwe,20,2017-12-15
f-x9bxwm,21,2017-12-15
vM6SpcAX,22,2017-12-15
3B7bhdh3,23,2017-12-15
fY5WSr5W,24,2017-12-15
y3aIN6Vj,25,2017-12-15
wpe4NbSF,26,2017-12-15
tgmmUOx0,27,2017-12-15
xoZWy8yV,28,2017-12-15
9VwKDBO4,29,2017-12-15
icJam_5l,30,2017-12-15
BKaUtdGp,31,2017-12-15
vXaSvEK6,32,2017-12-15
MVpoxopZ,33,2017-12-15
PqoFjtzu,34,2017-12-15
I8E7jszF,35,2017-12-15
etvVmxnc,36,2017-12-15
2zXpXjMp,37,2017-12-15
SxdL_VN6,38,2017-12-15
ewzharPB,39,2017-12-15
vOTeHcnB,40,2017-12-15
dOSV6VLu,41,2017-12-15
jLw_tYRU,42,2017-12-15
4RmwbCw4,43,2017-12-15
uksx0FeR,44,2017-12-15
IUq0Mmjo,45,2017-12-15
2oWa2CKB,46,2017-12-15
N1DTyWDC,47,2017-12-15
JQNo0TMz,48,2017-12-15
og3XtU1p,49,2017-12-15
uf3FMxIG,50,2017-12-15
3hTPwXPr,51,2017-12-15
sEdO8hht,52,2017-12-15
1EvZOLZA,53,2017-12-15
9JVEIv_0,54,2017-12-15
wYZwNMBK,55,2017-12-15
E_h53ExD,56,2017-12-15
9Py5z8t4,57,2017-12-15
1xqHQw3J,58,2017-12-15
cWjC2ttw,59,2017-12-15
68Mzp1yU,60,2017-12-15
yoLx6Opy,61,2017-12-15
ZzHJ8GG7,62,2017-12-15
fBMSljcP,63,2017-12-15
wlyGmMNW,64,2017-12-15
iKLVQyXn,65,2017-12-15
gD-ZZmb-,66,2017-12-15
4Qq9sGzS,67,2017-12-15
JQK6ye5t,68,2017-12-15
Y6cvtqxI,69,2017-12-15
FMdDyYmT,70,2017-12-15
j8hvJDPs,71,2017-12-15
uiEWT3kP,72,2017-12-15
lSTmfWDS,73,2017-12-15
Grohf5-o,74,2017-12-15
Qbz7DnQ_,75,2017-12-15
0-5hUtBO,76,2017-12-15
p7E2RtgF,77,2017-12-15
t2UGgCDf,78,2017-12-15
X4q99UL7,79,2017-12-15
Ra9F5rTD,80,2017-12-15
QUNHFVVV,81,2017-12-15
D3SJuzFQ,82,2017-12-15
zekEI3N6,83,2017-12-15
ykCnmE25,84,2017-12-15
nyi-m80-,85,2017-12-15
1en5VUEt,86,2017-12-15
YJ6Vy4Nv,87,2017-12-15
BSgKaQmC,88,2017-12-15
wxpUtIv4,89,2017-12-15
iMA-XcSh,90,2017-12-15
L03PNwY-,91,2017-12-15
Ikxrjgm-,92,2017-12-15
gMCUOdzs,93,2017-12-15
AHILcvSG,94,2017-12-15
HvW-RyE-,95,2017-12-15
q-TCdiS-,96,2017-12-15
ha4vQWj7,97,2017-12-15
PtccHl4F,98,2017-12-15
yshGBwsU,99,2017-12-15
hAPNuHZP,100,2017-12-15
smValFm8,1,2017-12-16
gW9hUEkQ,2,2017-12-16
cR6OW098,3,2017-12-16
Wfngq_NC,4,2017-12-16
eWDM9xAe,5,2017-12-16
J54I24Qs,6,2017-12-16
7CwLvXc6,7,2017-12-16
dOSV6VLu,8,2017-12-16
V3KN74T9,9,2017-12-16
t4_PwAYp,10,2017-12-16
hhOmGIls,11,2017-12-16
yoLx6Opy,12,2017-12-16
1uVZjWMu,13,2017-12-16
fMag1Tga,14,2017-12-16
3B7bhdh3,15,2017-12-16
a_pdu29o,16,2017-12-16
icJam_5l,17,2017-12-16
E_h53ExD,18,2017-12-16
2zXpXjMp,19,2017-12-16
GoPTQ8dT,20,2017-12-16
tgmmUOx0,21,2017-12-16
Q5dE-6Cm,22,2017-12-16
wpe4NbSF,23,2017-12-16
vM6SpcAX,24,2017-12-16
JQK6ye5t,25,2017-12-16
aPUTe4sb,26,2017-12-16
vOTeHcnB,27,2017-12-16
ewzharPB,28,2017-12-16
f-x9bxwm,29,2017-12-16
Tiouijwe,30,2017-12-16
5TFTWB4V,31,2017-12-16
7a2O2B4f,32,2017-12-16
L_eY69Bv,33,2017-12-16
0OCj4vMk,34,2017-12-16
MVpoxopZ,35,2017-12-16
xoZWy8yV,36,2017-12-16
wehVTVhD,37,2017-12-16
og3XtU1p,38,2017-12-16
4RmwbCw4,39,2017-12-16
wlyGmMNW,40,2017-12-16
QUNHFVVV,41,2017-12-16
3hTPwXPr,42,2017-12-16
N1DTyWDC,43,2017-12-16
hAPNuHZP,44,2017-12-16
1xqHQw3J,45,2017-12-16
SxdL_VN6,46,2017-12-16
BKaUtdGp,47,2017-12-16
A6v2mnRl,48,2017-12-16
xzuzW4sq,49,2017-12-16
uksx0FeR,50,2017-12-16
PtccHl4F,51,2017-12-16
1EvZOLZA,52,2017-12-16
AFOMpCP1,53,2017-12-16
JQNo0TMz,54,2017-12-16
X4q99UL7,55,2017-12-16
I8E7jszF,56,2017-12-16
HvW-RyE-,57,2017-12-16
IUq0Mmjo,58,2017-12-16
68Mzp1yU,59,2017-12-16
vXaSvEK6,60,2017-12-16
gD-ZZmb-,61,2017-12-16
o1lG-yUY,62,2017-12-16
p7E2RtgF,63,2017-12-16
_qkI89L7,64,2017-12-16
lSTmfWDS,65,2017-12-16
ENV9apuS,66,2017-12-16
BSgKaQmC,67,2017-12-16
LvJNKAbb,68,2017-12-16
vC16xtG-,69,2017-12-16
rhdnRJOM,70,2017-12-16
PqoFjtzu,71,2017-12-16
4Qq9sGzS,72,2017-12-16
8eo2Gj0-,73,2017-12-16
pXjXhUYW,74,2017-12-16
oCMEP42A,75,2017-12-16
uf3FMxIG,76,2017-12-16
cd7s24ys,77,2017-12-16
t2UGgCDf,78,2017-12-16
ZzHJ8GG7,79,2017-12-16
ha4vQWj7,80,2017-12-16
CwiGS1De,81,2017-12-16
gMCUOdzs,82,2017-12-16
sH2Wok85,83,2017-12-16
etvVmxnc,84,2017-12-16
N8GFSgiB,85,2017-12-16
ykCnmE25,86,2017-12-16
twNjx7HC,87,2017-12-16
2oWa2CKB,88,2017-12-16
nyi-m80-,89,2017-12-16
Ra9F5rTD,90,2017-12-16
1zRGHMMB,91,2017-12-16
rlpoMDqy,92,2017-12-16
m87V1xS7,93,2017-12-16
1pxSuog0,94,2017-12-16
j8hvJDPs,95,2017-12-16
wxpUtIv4,96,2017-12-16
BtxaH9yL,97,2017-12-16
9VwKDBO4,98,2017-12-16
9xnr1G5u,99,2017-12-16
yshGBwsU,100,2017-12-16
hhOmGIls,1,2017-12-17
Wfngq_NC,2,2017-12-17
eWDM9xAe,3,2017-12-17
V3KN74T9,4,2017-12-17
J54I24Qs,5,2017-12-17
t4_PwAYp,6,2017-12-17
1uVZjWMu,7,2017-12-17
fMag1Tga,8,2017-12-17
icJam_5l,9,2017-12-17
Q5dE-6Cm,10,2017-12-17
5TFTWB4V,11,2017-12-17
tgmmUOx0,12,2017-12-17
vM6SpcAX,13,2017-12-17
aPUTe4sb,14,2017-12-17
3B7bhdh3,15,2017-12-17
MVpoxopZ,16,2017-12-17
vOTeHcnB,17,2017-12-17
a_pdu29o,18,2017-12-17
0cQ5mi1I,19,2017-12-17
Epg9BRBc,20,2017-12-17
yoLx6Opy,21,2017-12-17
og3XtU1p,22,2017-12-17
D3SJuzFQ,23,2017-12-17
ewzharPB,24,2017-12-17
9VwKDBO4,25,2017-12-17
2zXpXjMp,26,2017-12-17
4RmwbCw4,27,2017-12-17
vXaSvEK6,28,2017-12-17
Tiouijwe,29,2017-12-17
wYZwNMBK,30,2017-12-17
wpe4NbSF,31,2017-12-17
_qkI89L7,32,2017-12-17
f-x9bxwm,33,2017-12-17
SGbFrKzg,34,2017-12-17
QUNHFVVV,35,2017-12-17
1EvZOLZA,36,2017-12-17
xoZWy8yV,37,2017-12-17
j8hvJDPs,38,2017-12-17
GoPTQ8dT,39,2017-12-17
3hTPwXPr,40,2017-12-17
E_h53ExD,41,2017-12-17
wlyGmMNW,42,2017-12-17
gD-ZZmb-,43,2017-12-17
SxdL_VN6,44,2017-12-17
L_eY69Bv,45,2017-12-17
2oWa2CKB,46,2017-12-17
4Qq9sGzS,47,2017-12-17
HvW-RyE-,48,2017-12-17
uksx0FeR,49,2017-12-17
A6v2mnRl,50,2017-12-17
fMhpYBOO,51,2017-12-17
bQtpQaHh,52,2017-12-17
N1DTyWDC,53,2017-12-17
vp9nFQQ2,54,2017-12-17
Wa2ECpqQ,55,2017-12-17
1xqHQw3J,56,2017-12-17
sEdO8hht,57,2017-12-17
7h31M1Uv,58,2017-12-17
jLw_tYRU,59,2017-12-17
X4q99UL7,60,2017-12-17
iMA-XcSh,61,2017-12-17
I8E7jszF,62,2017-12-17
etvVmxnc,63,2017-12-17
X3MCtISe,64,2017-12-17
WPdwioqv,65,2017-12-17
Grohf5-o,66,2017-12-17
68D73d0w,67,2017-12-17
gW9hUEkQ,68,2017-12-17
8AjyAF5f,69,2017-12-17
rnJh62XO,70,2017-12-17
FJrum5VE,71,2017-12-17
UG7x7CeZ,72,2017-12-17
vg4u5TIU,73,2017-12-17
UVN-WJv1,74,2017-12-17
lSTmfWDS,75,2017-12-17
BKaUtdGp,76,2017-12-17
BeTQPY7_,77,2017-12-17
cWjC2ttw,78,2017-12-17
yYDStxbl,79,2017-12-17
8eo2Gj0-,80,2017-12-17
IlwQXH6o,81,2017-12-17
uf3FMxIG,82,2017-12-17
JQNo0TMz,83,2017-12-17
WsC4viH8,84,2017-12-17
q-TCdiS-,85,2017-12-17
WxcAvfuS,86,2017-12-17
TFcwEw7y,87,2017-12-17
_xepYjRk,88,2017-12-17
Qbz7DnQ_,89,2017-12-17
kwDTH4hY,90,2017-12-17
hAPNuHZP,91,2017-12-17
PtccHl4F,92,2017-12-17
ykCnmE25,93,2017-12-17
rhdnRJOM,94,2017-12-17
a0yY5aoD,95,2017-12-17
oCMEP42A,96,2017-12-17
cHWAyABp,97,2017-12-17
o1lG-yUY,98,2017-12-17
t2UGgCDf,99,2017-12-17
smValFm8,100,2017-12-17
V5mO8hXS,1,2017-12-18
Wfngq_NC,2,2017-12-18
eWDM9xAe,3,2017-12-18
hhOmGIls,4,2017-12-18
J54I24Qs,5,2017-12-18
Q5dE-6Cm,6,2017-12-18
t4_PwAYp,7,2017-12-18
1uVZjWMu,8,2017-12-18
V3KN74T9,9,2017-12-18
3B7bhdh3,10,2017-12-18
vXaSvEK6,11,2017-12-18
fMag1Tga,12,2017-12-18
tgmmUOx0,13,2017-12-18
og3XtU1p,14,2017-12-18
icJam_5l,15,2017-12-18
xoZWy8yV,16,2017-12-18
4RmwbCw4,17,2017-12-18
GoPTQ8dT,18,2017-12-18
vM6SpcAX,19,2017-12-18
f-x9bxwm,20,2017-12-18
L_eY69Bv,21,2017-12-18
68Mzp1yU,22,2017-12-18
MVpoxopZ,23,2017-12-18
yoLx6Opy,24,2017-12-18
2zXpXjMp,25,2017-12-18
wlyGmMNW,26,2017-12-18
a_pdu29o,27,2017-12-18
jqnwekEw,28,2017-12-18
X4q99UL7,29,2017-12-18
vOTeHcnB,30,2017-12-18
dOSV6VLu,31,2017-12-18
wpe4NbSF,32,2017-12-18
D3SJuzFQ,33,2017-12-18
bRSH0ui8,34,2017-12-18
PqoFjtzu,35,2017-12-18
Tiouijwe,36,2017-12-18
p7E2RtgF,37,2017-12-18
gD-ZZmb-,38,2017-12-18
gW9hUEkQ,39,2017-12-18
jLw_tYRU,40,2017-12-18
lSTmfWDS,41,2017-12-18
wehVTVhD,42,2017-12-18
Kx3x_tbv,43,2017-12-18
4Qq9sGzS,44,2017-12-18
uksx0FeR,45,2017-12-18
ewzharPB,46,2017-12-18
QUNHFVVV,47,2017-12-18
SxdL_VN6,48,2017-12-18
N1DTyWDC,49,2017-12-18
9VwKDBO4,50,2017-12-18
j8hvJDPs,51,2017-12-18
3hTPwXPr,52,2017-12-18
E_h53ExD,53,2017-12-18
uf3FMxIG,54,2017-12-18
9JVEIv_0,55,2017-12-18
I8E7jszF,56,2017-12-18
LvJNKAbb,57,2017-12-18
Grohf5-o,58,2017-12-18
hdq91--u,59,2017-12-18
sEdO8hht,60,2017-12-18
2eaSU-iP,61,2017-12-18
YK47CRXj,62,2017-12-18
IUq0Mmjo,63,2017-12-18
yshGBwsU,64,2017-12-18
iMA-XcSh,65,2017-12-18
N8GFSgiB,66,2017-12-18
UG7x7CeZ,67,2017-12-18
8AjyAF5f,68,2017-12-18
ykCnmE25,69,2017-12-18
JQNo0TMz,70,2017-12-18
cWjC2ttw,71,2017-12-18
vp9nFQQ2,72,2017-12-18
Z2rHUQrq,73,2017-12-18
8eo2Gj0-,74,2017-12-18
1EvZOLZA,75,2017-12-18
rnJh62XO,76,2017-12-18
uWbnhqa5,77,2017-12-18
2oWa2CKB,78,2017-12-18
68D73d0w,79,2017-12-18
7sVNcY5k,80,2017-12-18
OT_catxH,81,2017-12-18
4KDAHlE1,82,2017-12-18
1xqHQw3J,83,2017-12-18
TFcwEw7y,84,2017-12-18
3ZllJinJ,85,2017-12-18
ZzHJ8GG7,86,2017-12-18
y3aIN6Vj,87,2017-12-18
RCqwzFLD,88,2017-12-18
BSgKaQmC,89,2017-12-18
Epg9BRBc,90,2017-12-18
Be3lADsF,91,2017-12-18
A6v2mnRl,92,2017-12-18
Ni6noMmw,93,2017-12-18
oQY39d8x,94,2017-12-18
esFI9V5j,95,2017-12-18
VuKT5NQ6,96,2017-12-18
PtccHl4F,97,2017-12-18
t2UGgCDf,98,2017-12-18
AZpBDVpd,99,2017-12-18
HvW-RyE-,100,2017-12-18
smValFm8,1,2017-12-19
gW9hUEkQ,2,2017-12-19
cR6OW098,3,2017-12-19
Wfngq_NC,4,2017-12-19
hhOmGIls,5,2017-12-19
eWDM9xAe,6,2017-12-19
7CwLvXc6,7,2017-12-19
J54I24Qs,8,2017-12-19
V3KN74T9,9,2017-12-19
3B7bhdh3,10,2017-12-19
1uVZjWMu,11,2017-12-19
vXaSvEK6,12,2017-12-19
Q5dE-6Cm,13,2017-12-19
fMag1Tga,14,2017-12-19
t4_PwAYp,15,2017-12-19
GoPTQ8dT,16,2017-12-19
tgmmUOx0,17,2017-12-19
xoZWy8yV,18,2017-12-19
BSgKaQmC,19,2017-12-19
N1DTyWDC,20,2017-12-19
V5mO8hXS,21,2017-12-19
og3XtU1p,22,2017-12-19
QUNHFVVV,23,2017-12-19
f-x9bxwm,24,2017-12-19
a_pdu29o,25,2017-12-19
4RmwbCw4,26,2017-12-19
icJam_5l,27,2017-12-19
vM6SpcAX,28,2017-12-19
wpe4NbSF,29,2017-12-19
IUq0Mmjo,30,2017-12-19
3aG_0iuM,31,2017-12-19
3hTPwXPr,32,2017-12-19
A6v2mnRl,33,2017-12-19
uWbnhqa5,34,2017-12-19
9VwKDBO4,35,2017-12-19
vOTeHcnB,36,2017-12-19
lSTmfWDS,37,2017-12-19
Tiouijwe,38,2017-12-19
c6j1jr7I,39,2017-12-19
L_eY69Bv,40,2017-12-19
BKaUtdGp,41,2017-12-19
2oWa2CKB,42,2017-12-19
MVpoxopZ,43,2017-12-19
1EvZOLZA,44,2017-12-19
j8hvJDPs,45,2017-12-19
mrbkif2c,46,2017-12-19
yoLx6Opy,47,2017-12-19
gD-ZZmb-,48,2017-12-19
2zXpXjMp,49,2017-12-19
X4q99UL7,50,2017-12-19
nAI7nw4v,51,2017-12-19
PqoFjtzu,52,2017-12-19
sEdO8hht,53,2017-12-19
D3SJuzFQ,54,2017-12-19
8eo2Gj0-,55,2017-12-19
uksx0FeR,56,2017-12-19
jLw_tYRU,57,2017-12-19
2OE4v6Ia,58,2017-12-19
SxdL_VN6,59,2017-12-19
wlyGmMNW,60,2017-12-19
fMhpYBOO,61,2017-12-19
Qbz7DnQ_,62,2017-12-19
cWjC2ttw,63,2017-12-19
12-_ImKd,64,2017-12-19
ykCnmE25,65,2017-12-19
YK47CRXj,66,2017-12-19
uf3FMxIG,67,2017-12-19
rhdnRJOM,68,2017-12-19
LvJNKAbb,69,2017-12-19
p7E2RtgF,70,2017-12-19
wehVTVhD,71,2017-12-19
68Mzp1yU,72,2017-12-19
5TFTWB4V,73,2017-12-19
YJ6Vy4Nv,74,2017-12-19
qXd9hR2_,75,2017-12-19
KignlvWi,76,2017-12-19
wYZwNMBK,77,2017-12-19
twNjx7HC,78,2017-12-19
4Qq9sGzS,79,2017-12-19
JQK6ye5t,80,2017-12-19
wxpUtIv4,81,2017-12-19
Grohf5-o,82,2017-12-19
RCqwzFLD,83,2017-12-19
Ra9F5rTD,84,2017-12-19
I8E7jszF,85,2017-12-19
y3aIN6Vj,86,2017-12-19
6iCnZg8V,87,2017-12-19
AHILcvSG,88,2017-12-19
1xqHQw3J,89,2017-12-19
ewzharPB,90,2017-12-19
CwiGS1De,91,2017-12-19
UoNkJEpM,92,2017-12-19
68D73d0w,93,2017-12-19
uiEWT3kP,94,2017-12-19
rCOEcopo,95,2017-12-19
UG7x7CeZ,96,2017-12-19
E_h53ExD,97,2017-12-19
PtccHl4F,98,2017-12-19
rlpoMDqy,99,2017-12-19
esxf9LJc,100,2017-12-19
smValFm8,1,2017-12-20
gW9hUEkQ,2,2017-12-20
cR6OW098,3,2017-12-20
Wfngq_NC,4,2017-12-20
hhOmGIls,5,2017-12-20
eWDM9xAe,6,2017-12-20
7CwLvXc6,7,2017-12-20
J54I24Qs,8,2017-12-20
V3KN74T9,9,2017-12-20
3B7bhdh3,10,2017-12-20
1uVZjWMu,11,2017-12-20
vXaSvEK6,12,2017-12-20
Q5dE-6Cm,13,2017-12-20
fMag1Tga,14,2017-12-20
t4_PwAYp,15,2017-12-20
GoPTQ8dT,16,2017-12-20
tgmmUOx0,17,2017-12-20
xoZWy8yV,18,2017-12-20
BSgKaQmC,19,2017-12-20
N1DTyWDC,20,2017-12-20
V5mO8hXS,21,2017-12-20
og3XtU1p,22,2017-12-20
QUNHFVVV,23,2017-12-20
f-x9bxwm,24,2017-12-20
a_pdu29o,25,2017-12-20
4RmwbCw4,26,2017-12-20
icJam_5l,27,2017-12-20
vM6SpcAX,28,2017-12-20
wpe4NbSF,29,2017-12-20
IUq0Mmjo,30,2017-12-20
3aG_0iuM,31,2017-12-20
3hTPwXPr,32,2017-12-20
A6v2mnRl,33,2017-12-20
uWbnhqa5,34,2017-12-20
9VwKDBO4,35,2017-12-20
vOTeHcnB,36,2017-12-20
lSTmfWDS,37,2017-12-20
Tiouijwe,38,2017-12-20
c6j1jr7I,39,2017-12-20
L_eY69Bv,40,2017-12-20
BKaUtdGp,41,2017-12-20
2oWa2CKB,42,2017-12-20
MVpoxopZ,43,2017-12-20
1EvZOLZA,44,2017-12-20
j8hvJDPs,45,2017-12-20
mrbkif2c,46,2017-12-20
yoLx6Opy,47,2017-12-20
gD-ZZmb-,48,2017-12-20
2zXpXjMp,49,2017-12-20
X4q99UL7,50,2017-12-20
nAI7nw4v,51,2017-12-20
PqoFjtzu,52,2017-12-20
sEdO8hht,53,2017-12-20
D3SJuzFQ,54,2017-12-20
8eo2Gj0-,55,2017-12-20
uksx0FeR,56,2017-12-20
jLw_tYRU,57,2017-12-20
2OE4v6Ia,58,2017-12-20
SxdL_VN6,59,2017-12-20
wlyGmMNW,60,2017-12-20
fMhpYBOO,61,2017-12-20
Qbz7DnQ_,62,2017-12-20
cWjC2ttw,63,2017-12-20
12-_ImKd,64,2017-12-20
ykCnmE25,65,2017-12-20
YK47CRXj,66,2017-12-20
uf3FMxIG,67,2017-12-20
rhdnRJOM,68,2017-12-20
LvJNKAbb,69,2017-12-20
p7E2RtgF,70,2017-12-20
wehVTVhD,71,2017-12-20
68Mzp1yU,72,2017-12-20
5TFTWB4V,73,2017-12-20
YJ6Vy4Nv,74,2017-12-20
qXd9hR2_,75,2017-12-20
KignlvWi,76,2017-12-20
wYZwNMBK,77,2017-12-20
twNjx7HC,78,2017-12-20
4Qq9sGzS,79,2017-12-20
JQK6ye5t,80,2017-12-20
wxpUtIv4,81,2017-12-20
Grohf5-o,82,2017-12-20
RCqwzFLD,83,2017-12-20
Ra9F5rTD,84,2017-12-20
I8E7jszF,85,2017-12-20
y3aIN6Vj,86,2017-12-20
6iCnZg8V,87,2017-12-20
AHILcvSG,88,2017-12-20
1xqHQw3J,89,2017-12-20
ewzharPB,90,2017-12-20
CwiGS1De,91,2017-12-20
UoNkJEpM,92,2017-12-20
68D73d0w,93,2017-12-20
uiEWT3kP,94,2017-12-20
rCOEcopo,95,2017-12-20
UG7x7CeZ,96,2017-12-20
E_h53ExD,97,2017-12-20
PtccHl4F,98,2017-12-20
rlpoMDqy,99,2017-12-20
esxf9LJc,100,2017-12-20
smValFm8,1,2017-12-21
gW9hUEkQ,2,2017-12-21
cR6OW098,3,2017-12-21
Wfngq_NC,4,2017-12-21
hhOmGIls,5,2017-12-21
eWDM9xAe,6,2017-12-21
7CwLvXc6,7,2017-12-21
J54I24Qs,8,2017-12-21
V3KN74T9,9,2017-12-21
3B7bhdh3,10,2017-12-21
1uVZjWMu,11,2017-12-21
vXaSvEK6,12,2017-12-21
Q5dE-6Cm,13,2017-12-21
fMag1Tga,14,2017-12-21
t4_PwAYp,15,2017-12-21
GoPTQ8dT,16,2017-12-21
tgmmUOx0,17,2017-12-21
xoZWy8yV,18,2017-12-21
BSgKaQmC,19,2017-12-21
N1DTyWDC,20,2017-12-21
V5mO8hXS,21,2017-12-21
og3XtU1p,22,2017-12-21
QUNHFVVV,23,2017-12-21
f-x9bxwm,24,2017-12-21
a_pdu29o,25,2017-12-21
4RmwbCw4,26,2017-12-21
icJam_5l,27,2017-12-21
vM6SpcAX,28,2017-12-21
wpe4NbSF,29,2017-12-21
IUq0Mmjo,30,2017-12-21
3aG_0iuM,31,2017-12-21
3hTPwXPr,32,2017-12-21
A6v2mnRl,33,2017-12-21
uWbnhqa5,34,2017-12-21
9VwKDBO4,35,2017-12-21
vOTeHcnB,36,2017-12-21
lSTmfWDS,37,2017-12-21
Tiouijwe,38,2017-12-21
c6j1jr7I,39,2017-12-21
L_eY69Bv,40,2017-12-21
BKaUtdGp,41,2017-12-21
2oWa2CKB,42,2017-12-21
MVpoxopZ,43,2017-12-21
1EvZOLZA,44,2017-12-21
j8hvJDPs,45,2017-12-21
mrbkif2c,46,2017-12-21
yoLx6Opy,47,2017-12-21
gD-ZZmb-,48,2017-12-21
2zXpXjMp,49,2017-12-21
X4q99UL7,50,2017-12-21
nAI7nw4v,51,2017-12-21
PqoFjtzu,52,2017-12-21
sEdO8hht,53,2017-12-21
D3SJuzFQ,54,2017-12-21
8eo2Gj0-,55,2017-12-21
uksx0FeR,56,2017-12-21
jLw_tYRU,57,2017-12-21
2OE4v6Ia,58,2017-12-21
SxdL_VN6,59,2017-12-21
wlyGmMNW,60,2017-12-21
fMhpYBOO,61,2017-12-21
Qbz7DnQ_,62,2017-12-21
cWjC2ttw,63,2017-12-21
12-_ImKd,64,2017-12-21
ykCnmE25,65,2017-12-21
YK47CRXj,66,2017-12-21
uf3FMxIG,67,2017-12-21
rhdnRJOM,68,2017-12-21
LvJNKAbb,69,2017-12-21
p7E2RtgF,70,2017-12-21
wehVTVhD,71,2017-12-21
68Mzp1yU,72,2017-12-21
5TFTWB4V,73,2017-12-21
YJ6Vy4Nv,74,2017-12-21
qXd9hR2_,75,2017-12-21
KignlvWi,76,2017-12-21
wYZwNMBK,77,2017-12-21
twNjx7HC,78,2017-12-21
4Qq9sGzS,79,2017-12-21
JQK6ye5t,80,2017-12-21
wxpUtIv4,81,2017-12-21
Grohf5-o,82,2017-12-21
RCqwzFLD,83,2017-12-21
Ra9F5rTD,84,2017-12-21
I8E7jszF,85,2017-12-21
y3aIN6Vj,86,2017-12-21
6iCnZg8V,87,2017-12-21
AHILcvSG,88,2017-12-21
1xqHQw3J,89,2017-12-21
ewzharPB,90,2017-12-21
CwiGS1De,91,2017-12-21
UoNkJEpM,92,2017-12-21
68D73d0w,93,2017-12-21
uiEWT3kP,94,2017-12-21
rCOEcopo,95,2017-12-21
UG7x7CeZ,96,2017-12-21
E_h53ExD,97,2017-12-21
PtccHl4F,98,2017-12-21
rlpoMDqy,99,2017-12-21
esxf9LJc,100,2017-12-21
smValFm8,1,2017-12-22
gW9hUEkQ,2,2017-12-22
cR6OW098,3,2017-12-22
Wfngq_NC,4,2017-12-22
hhOmGIls,5,2017-12-22
eWDM9xAe,6,2017-12-22
7CwLvXc6,7,2017-12-22
J54I24Qs,8,2017-12-22
V3KN74T9,9,2017-12-22
3B7bhdh3,10,2017-12-22
1uVZjWMu,11,2017-12-22
vXaSvEK6,12,2017-12-22
Q5dE-6Cm,13,2017-12-22
fMag1Tga,14,2017-12-22
t4_PwAYp,15,2017-12-22
GoPTQ8dT,16,2017-12-22
tgmmUOx0,17,2017-12-22
xoZWy8yV,18,2017-12-22
BSgKaQmC,19,2017-12-22
N1DTyWDC,20,2017-12-22
V5mO8hXS,21,2017-12-22
og3XtU1p,22,2017-12-22
QUNHFVVV,23,2017-12-22
f-x9bxwm,24,2017-12-22
a_pdu29o,25,2017-12-22
4RmwbCw4,26,2017-12-22
icJam_5l,27,2017-12-22
vM6SpcAX,28,2017-12-22
wpe4NbSF,29,2017-12-22
IUq0Mmjo,30,2017-12-22
3aG_0iuM,31,2017-12-22
3hTPwXPr,32,2017-12-22
A6v2mnRl,33,2017-12-22
uWbnhqa5,34,2017-12-22
9VwKDBO4,35,2017-12-22
vOTeHcnB,36,2017-12-22
lSTmfWDS,37,2017-12-22
Tiouijwe,38,2017-12-22
c6j1jr7I,39,2017-12-22
L_eY69Bv,40,2017-12-22
BKaUtdGp,41,2017-12-22
2oWa2CKB,42,2017-12-22
MVpoxopZ,43,2017-12-22
1EvZOLZA,44,2017-12-22
j8hvJDPs,45,2017-12-22
mrbkif2c,46,2017-12-22
yoLx6Opy,47,2017-12-22
gD-ZZmb-,48,2017-12-22
2zXpXjMp,49,2017-12-22
X4q99UL7,50,2017-12-22
nAI7nw4v,51,2017-12-22
PqoFjtzu,52,2017-12-22
sEdO8hht,53,2017-12-22
D3SJuzFQ,54,2017-12-22
8eo2Gj0-,55,2017-12-22
uksx0FeR,56,2017-12-22
jLw_tYRU,57,2017-12-22
2OE4v6Ia,58,2017-12-22
SxdL_VN6,59,2017-12-22
wlyGmMNW,60,2017-12-22
fMhpYBOO,61,2017-12-22
Qbz7DnQ_,62,2017-12-22
cWjC2ttw,63,2017-12-22
12-_ImKd,64,2017-12-22
ykCnmE25,65,2017-12-22
YK47CRXj,66,2017-12-22
uf3FMxIG,67,2017-12-22
rhdnRJOM,68,2017-12-22
LvJNKAbb,69,2017-12-22
p7E2RtgF,70,2017-12-22
wehVTVhD,71,2017-12-22
68Mzp1yU,72,2017-12-22
5TFTWB4V,73,2017-12-22
YJ6Vy4Nv,74,2017-12-22
qXd9hR2_,75,2017-12-22
KignlvWi,76,2017-12-22
wYZwNMBK,77,2017-12-22
twNjx7HC,78,2017-12-22
4Qq9sGzS,79,2017-12-22
JQK6ye5t,80,2017-12-22
wxpUtIv4,81,2017-12-22
Grohf5-o,82,2017-12-22
RCqwzFLD,83,2017-12-22
Ra9F5rTD,84,2017-12-22
I8E7jszF,85,2017-12-22
y3aIN6Vj,86,2017-12-22
6iCnZg8V,87,2017-12-22
AHILcvSG,88,2017-12-22
1xqHQw3J,89,2017-12-22
ewzharPB,90,2017-12-22
CwiGS1De,91,2017-12-22
UoNkJEpM,92,2017-12-22
68D73d0w,93,2017-12-22
uiEWT3kP,94,2017-12-22
rCOEcopo,95,2017-12-22
UG7x7CeZ,96,2017-12-22
E_h53ExD,97,2017-12-22
PtccHl4F,98,2017-12-22
rlpoMDqy,99,2017-12-22
esxf9LJc,100,2017-12-22
smValFm8,1,2017-12-23
gW9hUEkQ,2,2017-12-23
cR6OW098,3,2017-12-23
Wfngq_NC,4,2017-12-23
hhOmGIls,5,2017-12-23
eWDM9xAe,6,2017-12-23
7CwLvXc6,7,2017-12-23
J54I24Qs,8,2017-12-23
V3KN74T9,9,2017-12-23
3B7bhdh3,10,2017-12-23
1uVZjWMu,11,2017-12-23
vXaSvEK6,12,2017-12-23
Q5dE-6Cm,13,2017-12-23
fMag1Tga,14,2017-12-23
t4_PwAYp,15,2017-12-23
GoPTQ8dT,16,2017-12-23
tgmmUOx0,17,2017-12-23
xoZWy8yV,18,2017-12-23
BSgKaQmC,19,2017-12-23
N1DTyWDC,20,2017-12-23
V5mO8hXS,21,2017-12-23
og3XtU1p,22,2017-12-23
QUNHFVVV,23,2017-12-23
f-x9bxwm,24,2017-12-23
a_pdu29o,25,2017-12-23
4RmwbCw4,26,2017-12-23
icJam_5l,27,2017-12-23
vM6SpcAX,28,2017-12-23
wpe4NbSF,29,2017-12-23
IUq0Mmjo,30,2017-12-23
3aG_0iuM,31,2017-12-23
3hTPwXPr,32,2017-12-23
A6v2mnRl,33,2017-12-23
uWbnhqa5,34,2017-12-23
9VwKDBO4,35,2017-12-23
vOTeHcnB,36,2017-12-23
lSTmfWDS,37,2017-12-23
Tiouijwe,38,2017-12-23
c6j1jr7I,39,2017-12-23
L_eY69Bv,40,2017-12-23
BKaUtdGp,41,2017-12-23
2oWa2CKB,42,2017-12-23
MVpoxopZ,43,2017-12-23
1EvZOLZA,44,2017-12-23
j8hvJDPs,45,2017-12-23
mrbkif2c,46,2017-12-23
yoLx6Opy,47,2017-12-23
gD-ZZmb-,48,2017-12-23
2zXpXjMp,49,2017-12-23
X4q99UL7,50,2017-12-23
nAI7nw4v,51,2017-12-23
PqoFjtzu,52,2017-12-23
sEdO8hht,53,2017-12-23
D3SJuzFQ,54,2017-12-23
8eo2Gj0-,55,2017-12-23
uksx0FeR,56,2017-12-23
jLw_tYRU,57,2017-12-23
2OE4v6Ia,58,2017-12-23
SxdL_VN6,59,2017-12-23
wlyGmMNW,60,2017-12-23
fMhpYBOO,61,2017-12-23
Qbz7DnQ_,62,2017-12-23
cWjC2ttw,63,2017-12-23
12-_ImKd,64,2017-12-23
ykCnmE25,65,2017-12-23
YK47CRXj,66,2017-12-23
uf3FMxIG,67,2017-12-23
rhdnRJOM,68,2017-12-23
LvJNKAbb,69,2017-12-23
p7E2RtgF,70,2017-12-23
wehVTVhD,71,2017-12-23
68Mzp1yU,72,2017-12-23
5TFTWB4V,73,2017-12-23
YJ6Vy4Nv,74,2017-12-23
qXd9hR2_,75,2017-12-23
KignlvWi,76,2017-12-23
wYZwNMBK,77,2017-12-23
twNjx7HC,78,2017-12-23
4Qq9sGzS,79,2017-12-23
JQK6ye5t,80,2017-12-23
wxpUtIv4,81,2017-12-23
Grohf5-o,82,2017-12-23
RCqwzFLD,83,2017-12-23
Ra9F5rTD,84,2017-12-23
I8E7jszF,85,2017-12-23
y3aIN6Vj,86,2017-12-23
6iCnZg8V,87,2017-12-23
AHILcvSG,88,2017-12-23
1xqHQw3J,89,2017-12-23
ewzharPB,90,2017-12-23
CwiGS1De,91,2017-12-23
UoNkJEpM,92,2017-12-23
68D73d0w,93,2017-12-23
uiEWT3kP,94,2017-12-23
rCOEcopo,95,2017-12-23
UG7x7CeZ,96,2017-12-23
E_h53ExD,97,2017-12-23
PtccHl4F,98,2017-12-23
rlpoMDqy,99,2017-12-23
esxf9LJc,100,2017-12-23
hhOmGIls,1,2017-12-24
1uVZjWMu,2,2017-12-24
eWDM9xAe,3,2017-12-24
Q5dE-6Cm,4,2017-12-24
3B7bhdh3,5,2017-12-24
J54I24Qs,6,2017-12-24
V3KN74T9,7,2017-12-24
fMag1Tga,8,2017-12-24
4RmwbCw4,9,2017-12-24
tgmmUOx0,10,2017-12-24
vXaSvEK6,11,2017-12-24
2zXpXjMp,12,2017-12-24
t4_PwAYp,13,2017-12-24
icJam_5l,14,2017-12-24
Tiouijwe,15,2017-12-24
BKaUtdGp,16,2017-12-24
X4q99UL7,17,2017-12-24
gW9hUEkQ,18,2017-12-24
wpe4NbSF,19,2017-12-24
vM6SpcAX,20,2017-12-24
j8hvJDPs,21,2017-12-24
uksx0FeR,22,2017-12-24
3hTPwXPr,23,2017-12-24
wlyGmMNW,24,2017-12-24
MVpoxopZ,25,2017-12-24
xoZWy8yV,26,2017-12-24
RNbtbz4L,27,2017-12-24
QUNHFVVV,28,2017-12-24
vOTeHcnB,29,2017-12-24
L_eY69Bv,30,2017-12-24
Wfngq_NC,31,2017-12-24
a_pdu29o,32,2017-12-24
f-x9bxwm,33,2017-12-24
1xqHQw3J,34,2017-12-24
JQNo0TMz,35,2017-12-24
bRSH0ui8,36,2017-12-24
6iCnZg8V,37,2017-12-24
SbgZq2gx,38,2017-12-24
GoPTQ8dT,39,2017-12-24
2oWa2CKB,40,2017-12-24
iMA-XcSh,41,2017-12-24
8eo2Gj0-,42,2017-12-24
mrbkif2c,43,2017-12-24
p7E2RtgF,44,2017-12-24
hAPNuHZP,45,2017-12-24
1EvZOLZA,46,2017-12-24
og3XtU1p,47,2017-12-24
HvW-RyE-,48,2017-12-24
SxdL_VN6,49,2017-12-24
t2UGgCDf,50,2017-12-24
RCqwzFLD,51,2017-12-24
gD-ZZmb-,52,2017-12-24
N1DTyWDC,53,2017-12-24
jLw_tYRU,54,2017-12-24
I8E7jszF,55,2017-12-24
oCMEP42A,56,2017-12-24
fBMSljcP,57,2017-12-24
Epg9BRBc,58,2017-12-24
injzG32Z,59,2017-12-24
xxsFHiKl,60,2017-12-24
5TFTWB4V,61,2017-12-24
4KDAHlE1,62,2017-12-24
YK47CRXj,63,2017-12-24
3aG_0iuM,64,2017-12-24
y3aIN6Vj,65,2017-12-24
Ra9F5rTD,66,2017-12-24
5dKUt0bi,67,2017-12-24
yshGBwsU,68,2017-12-24
lSTmfWDS,69,2017-12-24
9JVEIv_0,70,2017-12-24
4Qq9sGzS,71,2017-12-24
Xo1Z1OwW,72,2017-12-24
OT_catxH,73,2017-12-24
_qkI89L7,74,2017-12-24
rlpoMDqy,75,2017-12-24
dOSV6VLu,76,2017-12-24
aPUTe4sb,77,2017-12-24
9xnr1G5u,78,2017-12-24
IUq0Mmjo,79,2017-12-24
cWjC2ttw,80,2017-12-24
X8U8CQEf,81,2017-12-24
twNjx7HC,82,2017-12-24
7nBCKJeI,83,2017-12-24
oJrzUeAy,84,2017-12-24
7CwLvXc6,85,2017-12-24
o1lG-yUY,86,2017-12-24
esxf9LJc,87,2017-12-24
uf3FMxIG,88,2017-12-24
L3nJE_np,89,2017-12-24
etvVmxnc,90,2017-12-24
V5mO8hXS,91,2017-12-24
uWbnhqa5,92,2017-12-24
U3wEEo6F,93,2017-12-24
E_h53ExD,94,2017-12-24
vp9nFQQ2,95,2017-12-24
gMCUOdzs,96,2017-12-24
IlbqfHKT,97,2017-12-24
yYDStxbl,98,2017-12-24
MmXGi1X7,99,2017-12-24
WPdwioqv,100,2017-12-24
i1c4PdRW,1,2017-12-25
hhOmGIls,2,2017-12-25
dHLgfRu-,3,2017-12-25
1uVZjWMu,4,2017-12-25
Q5dE-6Cm,5,2017-12-25
3B7bhdh3,6,2017-12-25
fMag1Tga,7,2017-12-25
BKaUtdGp,8,2017-12-25
vXaSvEK6,9,2017-12-25
X4q99UL7,10,2017-12-25
xoZWy8yV,11,2017-12-25
V3KN74T9,12,2017-12-25
t4_PwAYp,13,2017-12-25
tgmmUOx0,14,2017-12-25
5TFTWB4V,15,2017-12-25
f-x9bxwm,16,2017-12-25
eWDM9xAe,17,2017-12-25
6WL56ZVY,18,2017-12-25
J54I24Qs,19,2017-12-25
icJam_5l,20,2017-12-25
4RmwbCw4,21,2017-12-25
MVpoxopZ,22,2017-12-25
3hTPwXPr,23,2017-12-25
2zXpXjMp,24,2017-12-25
wlyGmMNW,25,2017-12-25
p7E2RtgF,26,2017-12-25
Wfngq_NC,27,2017-12-25
vOTeHcnB,28,2017-12-25
Tiouijwe,29,2017-12-25
wpe4NbSF,30,2017-12-25
2oWa2CKB,31,2017-12-25
L_eY69Bv,32,2017-12-25
a_pdu29o,33,2017-12-25
1xqHQw3J,34,2017-12-25
QUNHFVVV,35,2017-12-25
vM6SpcAX,36,2017-12-25
JQNo0TMz,37,2017-12-25
iMA-XcSh,38,2017-12-25
fBMSljcP,39,2017-12-25
j8hvJDPs,40,2017-12-25
t2UGgCDf,41,2017-12-25
A6v2mnRl,42,2017-12-25
og3XtU1p,43,2017-12-25
GoPTQ8dT,44,2017-12-25
8AjyAF5f,45,2017-12-25
0-5hUtBO,46,2017-12-25
cWjC2ttw,47,2017-12-25
gD-ZZmb-,48,2017-12-25
PtccHl4F,49,2017-12-25
PqoFjtzu,50,2017-12-25
hAPNuHZP,51,2017-12-25
N1DTyWDC,52,2017-12-25
dOSV6VLu,53,2017-12-25
9xnr1G5u,54,2017-12-25
YK47CRXj,55,2017-12-25
lSTmfWDS,56,2017-12-25
I8E7jszF,57,2017-12-25
JQK6ye5t,58,2017-12-25
0W8Jg6hD,59,2017-12-25
Wa2ECpqQ,60,2017-12-25
RCqwzFLD,61,2017-12-25
RNbtbz4L,62,2017-12-25
wYZwNMBK,63,2017-12-25
gMCUOdzs,64,2017-12-25
y3aIN6Vj,65,2017-12-25
oCMEP42A,66,2017-12-25
uWbnhqa5,67,2017-12-25
L3nJE_np,68,2017-12-25
8eo2Gj0-,69,2017-12-25
9VwKDBO4,70,2017-12-25
_qkI89L7,71,2017-12-25
9Py5z8t4,72,2017-12-25
nAI7nw4v,73,2017-12-25
jLw_tYRU,74,2017-12-25
uksx0FeR,75,2017-12-25
ewzharPB,76,2017-12-25
8LuebslM,77,2017-12-25
ryviUJgy,78,2017-12-25
X3MCtISe,79,2017-12-25
UG7x7CeZ,80,2017-12-25
LvJNKAbb,81,2017-12-25
IUq0Mmjo,82,2017-12-25
ei5xN7xZ,83,2017-12-25
4lcSFERr,84,2017-12-25
Xo1Z1OwW,85,2017-12-25
C2rN5M5Y,86,2017-12-25
1EvZOLZA,87,2017-12-25
QoIckxu9,88,2017-12-25
SxdL_VN6,89,2017-12-25
fMhpYBOO,90,2017-12-25
FcM89Jj5,91,2017-12-25
rnJh62XO,92,2017-12-25
IlbqfHKT,93,2017-12-25
hdq91--u,94,2017-12-25
M-b8gaCr,95,2017-12-25
tD4RoIPl,96,2017-12-25
YJ6Vy4Nv,97,2017-12-25
4Qq9sGzS,98,2017-12-25
qQHYon5D,99,2017-12-25
fvqIBi_Q,100,2017-12-25
i1c4PdRW,1,2017-12-26
hhOmGIls,2,2017-12-26
dHLgfRu-,3,2017-12-26
1uVZjWMu,4,2017-12-26
Q5dE-6Cm,5,2017-12-26
3B7bhdh3,6,2017-12-26
fMag1Tga,7,2017-12-26
BKaUtdGp,8,2017-12-26
vXaSvEK6,9,2017-12-26
X4q99UL7,10,2017-12-26
xoZWy8yV,11,2017-12-26
V3KN74T9,12,2017-12-26
t4_PwAYp,13,2017-12-26
tgmmUOx0,14,2017-12-26
5TFTWB4V,15,2017-12-26
f-x9bxwm,16,2017-12-26
eWDM9xAe,17,2017-12-26
6WL56ZVY,18,2017-12-26
J54I24Qs,19,2017-12-26
icJam_5l,20,2017-12-26
4RmwbCw4,21,2017-12-26
MVpoxopZ,22,2017-12-26
3hTPwXPr,23,2017-12-26
2zXpXjMp,24,2017-12-26
wlyGmMNW,25,2017-12-26
p7E2RtgF,26,2017-12-26
Wfngq_NC,27,2017-12-26
vOTeHcnB,28,2017-12-26
Tiouijwe,29,2017-12-26
wpe4NbSF,30,2017-12-26
2oWa2CKB,31,2017-12-26
L_eY69Bv,32,2017-12-26
a_pdu29o,33,2017-12-26
1xqHQw3J,34,2017-12-26
QUNHFVVV,35,2017-12-26
vM6SpcAX,36,2017-12-26
JQNo0TMz,37,2017-12-26
iMA-XcSh,38,2017-12-26
fBMSljcP,39,2017-12-26
j8hvJDPs,40,2017-12-26
t2UGgCDf,41,2017-12-26
A6v2mnRl,42,2017-12-26
og3XtU1p,43,2017-12-26
GoPTQ8dT,44,2017-12-26
8AjyAF5f,45,2017-12-26
0-5hUtBO,46,2017-12-26
cWjC2ttw,47,2017-12-26
gD-ZZmb-,48,2017-12-26
PtccHl4F,49,2017-12-26
PqoFjtzu,50,2017-12-26
hAPNuHZP,51,2017-12-26
N1DTyWDC,52,2017-12-26
dOSV6VLu,53,2017-12-26
9xnr1G5u,54,2017-12-26
YK47CRXj,55,2017-12-26
lSTmfWDS,56,2017-12-26
I8E7jszF,57,2017-12-26
JQK6ye5t,58,2017-12-26
0W8Jg6hD,59,2017-12-26
Wa2ECpqQ,60,2017-12-26
RCqwzFLD,61,2017-12-26
RNbtbz4L,62,2017-12-26
wYZwNMBK,63,2017-12-26
gMCUOdzs,64,2017-12-26
y3aIN6Vj,65,2017-12-26
oCMEP42A,66,2017-12-26
uWbnhqa5,67,2017-12-26
L3nJE_np,68,2017-12-26
8eo2Gj0-,69,2017-12-26
9VwKDBO4,70,2017-12-26
_qkI89L7,71,2017-12-26
9Py5z8t4,72,2017-12-26
nAI7nw4v,73,2017-12-26
jLw_tYRU,74,2017-12-26
uksx0FeR,75,2017-12-26
ewzharPB,76,2017-12-26
8LuebslM,77,2017-12-26
ryviUJgy,78,2017-12-26
X3MCtISe,79,2017-12-26
UG7x7CeZ,80,2017-12-26
LvJNKAbb,81,2017-12-26
IUq0Mmjo,82,2017-12-26
ei5xN7xZ,83,2017-12-26
4lcSFERr,84,2017-12-26
Xo1Z1OwW,85,2017-12-26
C2rN5M5Y,86,2017-12-26
1EvZOLZA,87,2017-12-26
QoIckxu9,88,2017-12-26
SxdL_VN6,89,2017-12-26
fMhpYBOO,90,2017-12-26
FcM89Jj5,91,2017-12-26
rnJh62XO,92,2017-12-26
IlbqfHKT,93,2017-12-26
hdq91--u,94,2017-12-26
M-b8gaCr,95,2017-12-26
tD4RoIPl,96,2017-12-26
YJ6Vy4Nv,97,2017-12-26
4Qq9sGzS,98,2017-12-26
qQHYon5D,99,2017-12-26
fvqIBi_Q,100,2017-12-26
OprlcwYK,1,2017-12-27
0W8Jg6hD,2,2017-12-27
7CwLvXc6,3,2017-12-27
gW9hUEkQ,4,2017-12-27
J54I24Qs,5,2017-12-27
hhOmGIls,6,2017-12-27
PqoFjtzu,7,2017-12-27
eWDM9xAe,8,2017-12-27
yoLx6Opy,9,2017-12-27
1uVZjWMu,10,2017-12-27
L_eY69Bv,11,2017-12-27
V3KN74T9,12,2017-12-27
3B7bhdh3,13,2017-12-27
GoPTQ8dT,14,2017-12-27
t4_PwAYp,15,2017-12-27
fMag1Tga,16,2017-12-27
N1DTyWDC,17,2017-12-27
xoZWy8yV,18,2017-12-27
_qkI89L7,19,2017-12-27
1EvZOLZA,20,2017-12-27
Q5dE-6Cm,21,2017-12-27
og3XtU1p,22,2017-12-27
wehVTVhD,23,2017-12-27
a_pdu29o,24,2017-12-27
2zXpXjMp,25,2017-12-27
vM6SpcAX,26,2017-12-27
Wfngq_NC,27,2017-12-27
Tiouijwe,28,2017-12-27
cWjC2ttw,29,2017-12-27
tD4RoIPl,30,2017-12-27
IUq0Mmjo,31,2017-12-27
wlyGmMNW,32,2017-12-27
hAPNuHZP,33,2017-12-27
y3aIN6Vj,34,2017-12-27
3aG_0iuM,35,2017-12-27
vOTeHcnB,36,2017-12-27
uksx0FeR,37,2017-12-27
aDftG1D2,38,2017-12-27
szaQb05t,39,2017-12-27
MVpoxopZ,40,2017-12-27
rlpoMDqy,41,2017-12-27
mrbkif2c,42,2017-12-27
X4q99UL7,43,2017-12-27
7a2O2B4f,44,2017-12-27
gD-ZZmb-,45,2017-12-27
Ra9F5rTD,46,2017-12-27
p7E2RtgF,47,2017-12-27
wYZwNMBK,48,2017-12-27
E_h53ExD,49,2017-12-27
N8GFSgiB,50,2017-12-27
BKaUtdGp,51,2017-12-27
dOSV6VLu,52,2017-12-27
wpe4NbSF,53,2017-12-27
uiEWT3kP,54,2017-12-27
t2UGgCDf,55,2017-12-27
JQNo0TMz,56,2017-12-27
3x-IwBwd,57,2017-12-27
AFOMpCP1,58,2017-12-27
icJam_5l,59,2017-12-27
7fT7u8Vd,60,2017-12-27
SxdL_VN6,61,2017-12-27
fBMSljcP,62,2017-12-27
q-TCdiS-,63,2017-12-27
pRDBOdWR,64,2017-12-27
3hTPwXPr,65,2017-12-27
TFcwEw7y,66,2017-12-27
9VwKDBO4,67,2017-12-27
gMCUOdzs,68,2017-12-27
8eo2Gj0-,69,2017-12-27
tgmmUOx0,70,2017-12-27
QUNHFVVV,71,2017-12-27
QJOL7KVU,72,2017-12-27
ZzHJ8GG7,73,2017-12-27
WxcAvfuS,74,2017-12-27
fMhpYBOO,75,2017-12-27
9xnr1G5u,76,2017-12-27
f-x9bxwm,77,2017-12-27
IlbqfHKT,78,2017-12-27
Xo1Z1OwW,79,2017-12-27
_SwJRVpR,80,2017-12-27
4RmwbCw4,81,2017-12-27
0GR-MXsc,82,2017-12-27
SGbFrKzg,83,2017-12-27
vXaSvEK6,84,2017-12-27
4Qq9sGzS,85,2017-12-27
SM-rvz75,86,2017-12-27
2oWa2CKB,87,2017-12-27
injzG32Z,88,2017-12-27
QhI_yDfr,89,2017-12-27
BSgKaQmC,90,2017-12-27
m87V1xS7,91,2017-12-27
lSTmfWDS,92,2017-12-27
ryviUJgy,93,2017-12-27
o1lG-yUY,94,2017-12-27
LvJNKAbb,95,2017-12-27
BBLYc4mS,96,2017-12-27
VJnRw-Af,97,2017-12-27
jLw_tYRU,98,2017-12-27
Ni6noMmw,99,2017-12-27
2eaSU-iP,100,2017-12-27
hhOmGIls,1,2017-12-28
1uVZjWMu,2,2017-12-28
fMag1Tga,3,2017-12-28
Q5dE-6Cm,4,2017-12-28
3B7bhdh3,5,2017-12-28
t4_PwAYp,6,2017-12-28
eWDM9xAe,7,2017-12-28
smValFm8,8,2017-12-28
V3KN74T9,9,2017-12-28
gW9hUEkQ,10,2017-12-28
Wfngq_NC,11,2017-12-28
icJam_5l,12,2017-12-28
J54I24Qs,13,2017-12-28
og3XtU1p,14,2017-12-28
vXaSvEK6,15,2017-12-28
4RmwbCw4,16,2017-12-28
_qkI89L7,17,2017-12-28
yoLx6Opy,18,2017-12-28
GoPTQ8dT,19,2017-12-28
2oWa2CKB,20,2017-12-28
tgmmUOx0,21,2017-12-28
7CwLvXc6,22,2017-12-28
X4q99UL7,23,2017-12-28
vM6SpcAX,24,2017-12-28
JQK6ye5t,25,2017-12-28
a_pdu29o,26,2017-12-28
a0yY5aoD,27,2017-12-28
tD4RoIPl,28,2017-12-28
HvW-RyE-,29,2017-12-28
vOTeHcnB,30,2017-12-28
Tiouijwe,31,2017-12-28
1EvZOLZA,32,2017-12-28
SxdL_VN6,33,2017-12-28
0W8Jg6hD,34,2017-12-28
OprlcwYK,35,2017-12-28
QUNHFVVV,36,2017-12-28
N1DTyWDC,37,2017-12-28
wYZwNMBK,38,2017-12-28
L_eY69Bv,39,2017-12-28
rhdnRJOM,40,2017-12-28
wpe4NbSF,41,2017-12-28
4Qq9sGzS,42,2017-12-28
MVpoxopZ,43,2017-12-28
2zXpXjMp,44,2017-12-28
nAI7nw4v,45,2017-12-28
xoZWy8yV,46,2017-12-28
1xqHQw3J,47,2017-12-28
f-x9bxwm,48,2017-12-28
j8hvJDPs,49,2017-12-28
BKaUtdGp,50,2017-12-28
iKLVQyXn,51,2017-12-28
uksx0FeR,52,2017-12-28
lSTmfWDS,53,2017-12-28
9VwKDBO4,54,2017-12-28
7H0BeDsK,55,2017-12-28
jLw_tYRU,56,2017-12-28
ewzharPB,57,2017-12-28
t2UGgCDf,58,2017-12-28
3hTPwXPr,59,2017-12-28
JQNo0TMz,60,2017-12-28
wlyGmMNW,61,2017-12-28
wehVTVhD,62,2017-12-28
rCOEcopo,63,2017-12-28
p7E2RtgF,64,2017-12-28
rlpoMDqy,65,2017-12-28
BSgKaQmC,66,2017-12-28
dOSV6VLu,67,2017-12-28
YK47CRXj,68,2017-12-28
9xnr1G5u,69,2017-12-28
Xo1Z1OwW,70,2017-12-28
sEdO8hht,71,2017-12-28
gD-ZZmb-,72,2017-12-28
I8E7jszF,73,2017-12-28
esxf9LJc,74,2017-12-28
vp9nFQQ2,75,2017-12-28
MwmZxU1z,76,2017-12-28
PtccHl4F,77,2017-12-28
Ra9F5rTD,78,2017-12-28
hAPNuHZP,79,2017-12-28
y3aIN6Vj,80,2017-12-28
5TFTWB4V,81,2017-12-28
ei5xN7xZ,82,2017-12-28
gMCUOdzs,83,2017-12-28
8eo2Gj0-,84,2017-12-28
8AjyAF5f,85,2017-12-28
MkYz16Rk,86,2017-12-28
cWjC2ttw,87,2017-12-28
5dKUt0bi,88,2017-12-28
uWbnhqa5,89,2017-12-28
IUq0Mmjo,90,2017-12-28
8-bpBBFc,91,2017-12-28
Grohf5-o,92,2017-12-28
RCqwzFLD,93,2017-12-28
s9ZYGKqH,94,2017-12-28
UoNkJEpM,95,2017-12-28
wxpUtIv4,96,2017-12-28
jf5je5Wv,97,2017-12-28
o1lG-yUY,98,2017-12-28
Z2rHUQrq,99,2017-12-28
yshGBwsU,100,2017-12-28
hhOmGIls,1,2017-12-29
J54I24Qs,2,2017-12-29
Q5dE-6Cm,3,2017-12-29
fMag1Tga,4,2017-12-29
L_eY69Bv,5,2017-12-29
7CwLvXc6,6,2017-12-29
eWDM9xAe,7,2017-12-29
t4_PwAYp,8,2017-12-29
1uVZjWMu,9,2017-12-29
V3KN74T9,10,2017-12-29
gW9hUEkQ,11,2017-12-29
7H0BeDsK,12,2017-12-29
hDpDVBiJ,13,2017-12-29
3B7bhdh3,14,2017-12-29
vXaSvEK6,15,2017-12-29
GoPTQ8dT,16,2017-12-29
Wfngq_NC,17,2017-12-29
MkYz16Rk,18,2017-12-29
2zXpXjMp,19,2017-12-29
icJam_5l,20,2017-12-29
tgmmUOx0,21,2017-12-29
f-x9bxwm,22,2017-12-29
a_pdu29o,23,2017-12-29
4RmwbCw4,24,2017-12-29
og3XtU1p,25,2017-12-29
vOTeHcnB,26,2017-12-29
0W8Jg6hD,27,2017-12-29
BSgKaQmC,28,2017-12-29
X4q99UL7,29,2017-12-29
vM6SpcAX,30,2017-12-29
1xqHQw3J,31,2017-12-29
Tiouijwe,32,2017-12-29
3aG_0iuM,33,2017-12-29
SxdL_VN6,34,2017-12-29
wlyGmMNW,35,2017-12-29
4Qq9sGzS,36,2017-12-29
09HK6RNl,37,2017-12-29
lSTmfWDS,38,2017-12-29
gD-ZZmb-,39,2017-12-29
G1QzY-iU,40,2017-12-29
j8hvJDPs,41,2017-12-29
uf3FMxIG,42,2017-12-29
fMhpYBOO,43,2017-12-29
uWbnhqa5,44,2017-12-29
PqoFjtzu,45,2017-12-29
2oWa2CKB,46,2017-12-29
BKaUtdGp,47,2017-12-29
3hTPwXPr,48,2017-12-29
wpe4NbSF,49,2017-12-29
sEdO8hht,50,2017-12-29
QUNHFVVV,51,2017-12-29
H0IRhlNT,52,2017-12-29
rlpoMDqy,53,2017-12-29
N1DTyWDC,54,2017-12-29
aPUTe4sb,55,2017-12-29
tD4RoIPl,56,2017-12-29
ryviUJgy,57,2017-12-29
MVpoxopZ,58,2017-12-29
JQNo0TMz,59,2017-12-29
p7E2RtgF,60,2017-12-29
0OCj4vMk,61,2017-12-29
X3MCtISe,62,2017-12-29
xoZWy8yV,63,2017-12-29
rCOEcopo,64,2017-12-29
UT7zhBDm,65,2017-12-29
dOSV6VLu,66,2017-12-29
1EvZOLZA,67,2017-12-29
_qkI89L7,68,2017-12-29
rbtWpePi,69,2017-12-29
Wa2ECpqQ,70,2017-12-29
jLw_tYRU,71,2017-12-29
yoLx6Opy,72,2017-12-29
OprlcwYK,73,2017-12-29
yshGBwsU,74,2017-12-29
DmzApudU,75,2017-12-29
mrbkif2c,76,2017-12-29
IUq0Mmjo,77,2017-12-29
nAI7nw4v,78,2017-12-29
JQK6ye5t,79,2017-12-29
HvW-RyE-,80,2017-12-29
YK47CRXj,81,2017-12-29
9xnr1G5u,82,2017-12-29
I8E7jszF,83,2017-12-29
8LuebslM,84,2017-12-29
0-5hUtBO,85,2017-12-29
vC16xtG-,86,2017-12-29
wehVTVhD,87,2017-12-29
AFOMpCP1,88,2017-12-29
Grohf5-o,89,2017-12-29
iKLVQyXn,90,2017-12-29
67d1h4XH,91,2017-12-29
7a2O2B4f,92,2017-12-29
AHILcvSG,93,2017-12-29
y3aIN6Vj,94,2017-12-29
uksx0FeR,95,2017-12-29
Ra9F5rTD,96,2017-12-29
rnJh62XO,97,2017-12-29
5dKUt0bi,98,2017-12-29
gMCUOdzs,99,2017-12-29
m87V1xS7,100,2017-12-29
hhOmGIls,1,2017-12-30
J54I24Qs,2,2017-12-30
Q5dE-6Cm,3,2017-12-30
fMag1Tga,4,2017-12-30
L_eY69Bv,5,2017-12-30
7CwLvXc6,6,2017-12-30
eWDM9xAe,7,2017-12-30
t4_PwAYp,8,2017-12-30
1uVZjWMu,9,2017-12-30
V3KN74T9,10,2017-12-30
gW9hUEkQ,11,2017-12-30
7H0BeDsK,12,2017-12-30
hDpDVBiJ,13,2017-12-30
3B7bhdh3,14,2017-12-30
vXaSvEK6,15,2017-12-30
GoPTQ8dT,16,2017-12-30
Wfngq_NC,17,2017-12-30
MkYz16Rk,18,2017-12-30
2zXpXjMp,19,2017-12-30
icJam_5l,20,2017-12-30
tgmmUOx0,21,2017-12-30
f-x9bxwm,22,2017-12-30
a_pdu29o,23,2017-12-30
4RmwbCw4,24,2017-12-30
og3XtU1p,25,2017-12-30
vOTeHcnB,26,2017-12-30
0W8Jg6hD,27,2017-12-30
BSgKaQmC,28,2017-12-30
X4q99UL7,29,2017-12-30
vM6SpcAX,30,2017-12-30
1xqHQw3J,31,2017-12-30
Tiouijwe,32,2017-12-30
3aG_0iuM,33,2017-12-30
SxdL_VN6,34,2017-12-30
wlyGmMNW,35,2017-12-30
4Qq9sGzS,36,2017-12-30
09HK6RNl,37,2017-12-30
lSTmfWDS,38,2017-12-30
gD-ZZmb-,39,2017-12-30
G1QzY-iU,40,2017-12-30
j8hvJDPs,41,2017-12-30
uf3FMxIG,42,2017-12-30
fMhpYBOO,43,2017-12-30
uWbnhqa5,44,2017-12-30
PqoFjtzu,45,2017-12-30
2oWa2CKB,46,2017-12-30
BKaUtdGp,47,2017-12-30
3hTPwXPr,48,2017-12-30
wpe4NbSF,49,2017-12-30
sEdO8hht,50,2017-12-30
QUNHFVVV,51,2017-12-30
H0IRhlNT,52,2017-12-30
rlpoMDqy,53,2017-12-30
N1DTyWDC,54,2017-12-30
aPUTe4sb,55,2017-12-30
tD4RoIPl,56,2017-12-30
ryviUJgy,57,2017-12-30
MVpoxopZ,58,2017-12-30
JQNo0TMz,59,2017-12-30
p7E2RtgF,60,2017-12-30
0OCj4vMk,61,2017-12-30
X3MCtISe,62,2017-12-30
xoZWy8yV,63,2017-12-30
rCOEcopo,64,2017-12-30
UT7zhBDm,65,2017-12-30
dOSV6VLu,66,2017-12-30
1EvZOLZA,67,2017-12-30
_qkI89L7,68,2017-12-30
rbtWpePi,69,2017-12-30
Wa2ECpqQ,70,2017-12-30
jLw_tYRU,71,2017-12-30
yoLx6Opy,72,2017-12-30
OprlcwYK,73,2017-12-30
yshGBwsU,74,2017-12-30
DmzApudU,75,2017-12-30
mrbkif2c,76,2017-12-30
IUq0Mmjo,77,2017-12-30
nAI7nw4v,78,2017-12-30
JQK6ye5t,79,2017-12-30
HvW-RyE-,80,2017-12-30
YK47CRXj,81,2017-12-30
9xnr1G5u,82,2017-12-30
I8E7jszF,83,2017-12-30
8LuebslM,84,2017-12-30
0-5hUtBO,85,2017-12-30
vC16xtG-,86,2017-12-30
wehVTVhD,87,2017-12-30
AFOMpCP1,88,2017-12-30
Grohf5-o,89,2017-12-30
iKLVQyXn,90,2017-12-30
67d1h4XH,91,2017-12-30
7a2O2B4f,92,2017-12-30
AHILcvSG,93,2017-12-30
y3aIN6Vj,94,2017-12-30
uksx0FeR,95,2017-12-30
Ra9F5rTD,96,2017-12-30
rnJh62XO,97,2017-12-30
5dKUt0bi,98,2017-12-30
gMCUOdzs,99,2017-12-30
m87V1xS7,100,2017-12-30
hhOmGIls,1,2017-12-31
icJam_5l,2,2017-12-31
3B7bhdh3,3,2017-12-31
J54I24Qs,4,2017-12-31
1uVZjWMu,5,2017-12-31
eWDM9xAe,6,2017-12-31
Q5dE-6Cm,7,2017-12-31
Wfngq_NC,8,2017-12-31
a_pdu29o,9,2017-12-31
2zXpXjMp,10,2017-12-31
t4_PwAYp,11,2017-12-31
fMag1Tga,12,2017-12-31
4RmwbCw4,13,2017-12-31
7H0BeDsK,14,2017-12-31
vM6SpcAX,15,2017-12-31
BKaUtdGp,16,2017-12-31
gW9hUEkQ,17,2017-12-31
L_eY69Bv,18,2017-12-31
wC1tukWQ,19,2017-12-31
wpe4NbSF,20,2017-12-31
X4q99UL7,21,2017-12-31
V3KN74T9,22,2017-12-31
tgmmUOx0,23,2017-12-31
wlyGmMNW,24,2017-12-31
2oWa2CKB,25,2017-12-31
vXaSvEK6,26,2017-12-31
f-x9bxwm,27,2017-12-31
QUNHFVVV,28,2017-12-31
3hTPwXPr,29,2017-12-31
1xqHQw3J,30,2017-12-31
vOTeHcnB,31,2017-12-31
nAI7nw4v,32,2017-12-31
yqdujZ0b,33,2017-12-31
xoZWy8yV,34,2017-12-31
sEdO8hht,35,2017-12-31
DmzApudU,36,2017-12-31
YK47CRXj,37,2017-12-31
etvVmxnc,38,2017-12-31
UT7zhBDm,39,2017-12-31
yoLx6Opy,40,2017-12-31
hAPNuHZP,41,2017-12-31
Tiouijwe,42,2017-12-31
uWbnhqa5,43,2017-12-31
p7E2RtgF,44,2017-12-31
I8E7jszF,45,2017-12-31
0W8Jg6hD,46,2017-12-31
cR6OW098,47,2017-12-31
HvW-RyE-,48,2017-12-31
GoPTQ8dT,49,2017-12-31
jLw_tYRU,50,2017-12-31
qQHYon5D,51,2017-12-31
gD-ZZmb-,52,2017-12-31
0og11Lh8,53,2017-12-31
tD4RoIPl,54,2017-12-31
PtccHl4F,55,2017-12-31
IUq0Mmjo,56,2017-12-31
8eo2Gj0-,57,2017-12-31
N1DTyWDC,58,2017-12-31
JQNo0TMz,59,2017-12-31
rhdnRJOM,60,2017-12-31
j8hvJDPs,61,2017-12-31
yshGBwsU,62,2017-12-31
fBMSljcP,63,2017-12-31
Wa2ECpqQ,64,2017-12-31
1EvZOLZA,65,2017-12-31
MkYz16Rk,66,2017-12-31
SxdL_VN6,67,2017-12-31
hDpDVBiJ,68,2017-12-31
0-5hUtBO,69,2017-12-31
mrbkif2c,70,2017-12-31
5rGU_GXE,71,2017-12-31
MVpoxopZ,72,2017-12-31
Z2rHUQrq,73,2017-12-31
BSgKaQmC,74,2017-12-31
f5GW75V4,75,2017-12-31
EE_ehJck,76,2017-12-31
JQK6ye5t,77,2017-12-31
PqoFjtzu,78,2017-12-31
AHILcvSG,79,2017-12-31
ha4vQWj7,80,2017-12-31
lSTmfWDS,81,2017-12-31
9rY8kaPt,82,2017-12-31
iMA-XcSh,83,2017-12-31
7a2O2B4f,84,2017-12-31
rlpoMDqy,85,2017-12-31
ewzharPB,86,2017-12-31
2eaSU-iP,87,2017-12-31
8LuebslM,88,2017-12-31
Tu427jHV,89,2017-12-31
UoNkJEpM,90,2017-12-31
D6K-hfED,91,2017-12-31
TFcwEw7y,92,2017-12-31
RCqwzFLD,93,2017-12-31
9xnr1G5u,94,2017-12-31
pXjXhUYW,95,2017-12-31
rbtWpePi,96,2017-12-31
t2UGgCDf,97,2017-12-31
og3XtU1p,98,2017-12-31
vp9nFQQ2,99,2017-12-31
Ra9F5rTD,100,2017-12-31
